Date,Close,Volume,Open,High,Low
09/08/2020, 38.19, 16117250, 38.52, 39.18, 38.1
09/04/2020, 39.87, 17824990, 41.2, 41.49, 38.4301
09/03/2020, 41.63, 18760840, 42.74, 43, 40.96
09/02/2020, 43.67, 26800040, 41.52, 44.09, 41.36
09/01/2020, 41.15, 10478790, 40.61, 41.245, 40.14
08/31/2020, 40.58, 7468349, 40.99, 41.07, 40.565
08/28/2020, 41.07, 8033773, 40.5, 41.17, 40.42
08/27/2020, 40.39, 13055040, 40.97, 41.25, 40.07
08/26/2020, 41.08, 12532530, 40.55, 41.33, 40
08/25/2020, 40.55, 12470520, 40.44, 40.699, 39.32
08/24/2020, 40.49, 20496570, 39.68, 40.8, 39.64
08/21/2020, 39.26, 9758567, 38.99, 39.39, 38.7
08/20/2020, 38.96, 7745448, 38.62, 39, 38.3
08/19/2020, 38.89, 17077240, 38.09, 39.52, 38.06
08/18/2020, 38.01, 8572471, 38.28, 38.46, 37.74
08/17/2020, 37.97, 10188500, 37.95, 38.09, 37.27
08/14/2020, 37.9, 10377320, 37.74, 37.96, 37.28
08/13/2020, 37.82, 13259410, 37.43, 38.27, 37.37
08/12/2020, 37.44, 11013330, 37.5, 38, 36.8207
08/11/2020, 37.28, 20486050, 37.59, 39, 36.71
08/10/2020, 37.44, 29298410, 38.36, 39.17, 37.31
08/07/2020, 37.14, 11341050, 37.42, 38.025, 36.73
08/06/2020, 37.69, 10478860, 36.85, 37.81, 36.49
08/05/2020, 36.79, 10052110, 36.56, 37.34, 36.41
08/04/2020, 36.35, 10596690, 35.92, 36.61, 35.65
08/03/2020, 36.39, 15488020, 36.41, 36.89, 35.9038
07/31/2020, 36.4, 18551550, 37.33, 37.33, 35.97
07/30/2020, 36.72, 9997391, 36.73, 37.105, 36.38
07/29/2020, 37.16, 10675570, 36.97, 37.25, 36.73
07/28/2020, 36.61, 13566850, 36.45, 37.32, 36.41
07/27/2020, 36.85, 22911330, 37.58, 37.59, 36.09
07/24/2020, 37.54, 23068340, 38.28, 38.54, 37.14
07/23/2020, 38.44, 90266690, 37.65, 40.255, 37.5
07/22/2020, 36.94, 18185150, 36.97, 37.42, 36.25
07/21/2020, 37.01, 19275870, 37.79, 38.5, 37
07/20/2020, 37.06, 16866970, 35.8, 37.17, 35.8
07/17/2020, 35.81, 18571110, 35.31, 35.999, 34.73
07/16/2020, 35.28, 24353300, 34.13, 35.58, 34
07/15/2020, 35.67, 16579870, 35.12, 35.8, 34.6207
07/14/2020, 34.38, 18533250, 33.53, 34.66, 33.44
07/13/2020, 33.82, 22480570, 35.72, 36.21, 33.76
07/10/2020, 35.4, 15238720, 35.46, 35.76, 34.86
07/09/2020, 35.72, 34648750, 35.88, 36.18, 34.81
07/08/2020, 35.41, 109654700, 33.2, 36.98, 32.73
07/07/2020, 32.99, 27940880, 31.96, 33.67, 31.765
07/06/2020, 32.34, 22399970, 31.55, 32.81, 31.155
07/02/2020, 30.87, 14553750, 31.3, 31.4, 30.395
07/01/2020, 30.81, 20779000, 30.15, 31.17, 30.06
06/30/2020, 29.79, 20647990, 29.63, 29.82, 29.02
06/29/2020, 29.49, 27482820, 28.51, 30.035, 28.23
06/26/2020, 29.05, 56913650, 31.12, 31.32, 28.75
06/25/2020, 31.37, 17802560, 31.54, 31.605, 30.82
06/24/2020, 31.73, 16586770, 32.53, 33.06, 31.34
06/23/2020, 32.91, 20549340, 33.75, 33.8, 32.7301
06/22/2020, 33.47, 12896580, 33.57, 33.64, 32.95
06/19/2020, 33.41, 19345480, 34.64, 34.945, 33.4
06/18/2020, 34.03, 10543560, 34.3, 34.445, 33.86
06/17/2020, 34.34, 12266140, 34.49, 34.82, 34.1
06/16/2020, 34.63, 20132420, 35.14, 35.46, 34.21
06/15/2020, 34.11, 19342190, 32.91, 34.19, 32.84
06/12/2020, 33.4, 14709350, 33.94, 34.1701, 32.47
06/11/2020, 33.03, 23727860, 33.13, 34.45, 32.72
06/10/2020, 35.14, 17480660, 36.12, 36.44, 34.9
06/09/2020, 35.92, 17840740, 35.99, 36.2, 35.163
06/08/2020, 36.64, 20211940, 35.96, 36.94, 35.75
06/05/2020, 34.87, 23211540, 34.47, 35.97, 34.47
06/04/2020, 33.72, 20265080, 34.5, 34.94, 33.34
06/03/2020, 34.88, 28396340, 32.61, 35.04, 32.44
06/02/2020, 32.26, 15318430, 32.19, 32.425, 31.61
06/01/2020, 31.89, 14583620, 31.06, 32.1, 30.84
05/29/2020, 30.97, 39427680, 31.56, 31.61, 30.29
05/28/2020, 31.6, 37323840, 31.5, 32.68, 31.32
05/27/2020, 33.07, 24550870, 33.63, 34, 32.235
05/26/2020, 34.01, 20489330, 33.6, 34.27, 33.36
05/22/2020, 32.62, 13310720, 32.38, 32.77, 31.775
05/21/2020, 32.34, 22881670, 32.1, 32.61, 31.39
05/20/2020, 32.23, 26955490, 30.5, 32.35, 30.45
05/19/2020, 29.88, 17386160, 29.7, 30.35, 29.325
05/18/2020, 29.64, 15790020, 29.7, 30.285, 29.56
05/15/2020, 29, 15939160, 28.3, 29.25, 28.11
05/14/2020, 28.56, 12364650, 27.83, 28.58, 27.12
05/13/2020, 28.13, 19401660, 29.24, 29.68, 27.58
05/12/2020, 29.15, 13734500, 29.85, 29.93, 29.09
05/11/2020, 29.69, 13839750, 29.65, 30.075, 29.3318
05/08/2020, 29.93, 19208840, 29.09, 29.97, 28.74
05/07/2020, 28.77, 16190540, 28.08, 28.775, 27.94
05/06/2020, 27.68, 15531050, 28.35, 28.42, 27.553
05/05/2020, 28.07, 19221900, 28.67, 28.7299, 27.9
05/04/2020, 28.23, 17846260, 27.6, 28.42, 27.39
05/01/2020, 27.84, 28231070, 28, 28.445, 27.1915
04/30/2020, 28.68, 68959050, 28.79, 30.57, 28.085
04/29/2020, 31.09, 29568760, 30.06, 31.5, 29.62
04/28/2020, 28.79, 23363980, 30.4, 30.45, 28.5734
04/27/2020, 30, 22490590, 29.13, 30.385, 29.13
04/24/2020, 28.74, 15936420, 27.99, 28.835, 27.46
04/23/2020, 27.86, 19019560, 28.43, 28.84, 27.73
04/22/2020, 28.44, 28587500, 27, 28.5, 26.45
04/21/2020, 25.75, 28093690, 26.39, 26.72, 25.055
04/20/2020, 27.01, 16755370, 26.31, 27.53, 26.11
04/17/2020, 26.7, 21129460, 27.16, 27.92, 26.47
04/16/2020, 26.55, 21946560, 26.86, 27.17, 25.955
04/15/2020, 27.51, 15822240, 27.1, 27.64, 26.75
04/14/2020, 27.94, 13766220, 28, 28.41, 27.6
04/13/2020, 27.21, 15059940, 27.55, 27.62, 26.24
04/09/2020, 27.77, 22233210, 28.48, 29.05, 27.28
04/08/2020, 27.86, 31240850, 26.785, 28.46, 25.92
04/07/2020, 25.61, 25831090, 25.97, 26.86, 25.3102
04/06/2020, 24.93, 26014880, 24.1, 25.05, 23.79
04/03/2020, 23.09, 25029710, 24.1, 24.32, 22.75
04/02/2020, 23.02, 17114780, 23, 23.58, 22.36
04/01/2020, 23.32, 20026970, 23.7, 24.3942, 23.05
03/31/2020, 24.56, 24993380, 25.79, 26.3306, 24.4
03/30/2020, 25.59, 20720840, 25.25, 25.94, 24.6
03/27/2020, 25.29, 22069280, 25.56, 25.83, 24.76
03/26/2020, 26.41, 20453340, 26.15, 27.03, 25.625
03/25/2020, 25.97, 25738820, 25.85, 27.46, 24.52
03/24/2020, 25.85, 32815920, 25.79, 26.46, 24.13
03/23/2020, 24.69, 21882580, 23.8, 25.25, 23.5
03/20/2020, 23.95, 28250720, 24.97, 25.8638, 23.7
03/19/2020, 24.13, 29979330, 22.11, 25.17, 20.6558
03/18/2020, 22, 31012720, 22.95, 23.49, 20
03/17/2020, 24.48, 28741660, 24.38, 25.84, 23.18
03/16/2020, 24.04, 28768060, 26.12, 28.35, 23.92
03/13/2020, 29.29, 29059110, 28.83, 29.41, 26.4001
03/12/2020, 26.78, 32519480, 29.08, 29.69, 26.7
03/11/2020, 31.3, 27478300, 33.3, 33.4553, 30.01
03/10/2020, 34.31, 27327630, 33.9, 34.78, 33.12
03/09/2020, 32.46, 41767570, 31.81, 35.36, 30.62
03/06/2020, 33.46, 20361060, 33.81, 33.99, 32.51
03/05/2020, 34.97, 14132160, 35.03, 35.73, 34.52
03/04/2020, 36, 14980310, 35.76, 36, 34.77
03/03/2020, 34.93, 22973060, 36.02, 36.48, 34.41
03/02/2020, 35.82, 39914750, 36, 36.86, 35.14
02/28/2020, 33.2, 33688910, 31.86, 33.37, 31.51
02/27/2020, 33.01, 27234090, 33.73, 34.2, 32.47
02/26/2020, 34.63, 18066350, 35.28, 35.82, 34.435
02/25/2020, 35.21, 19841300, 36.18, 36.45, 34.885
02/24/2020, 35.89, 25155380, 36.5, 36.59, 35.3
02/21/2020, 38.31, 15326740, 38.67, 38.76, 38.04
02/20/2020, 39.05, 17273370, 38.76, 39.06, 37.955
02/19/2020, 38.77, 19068570, 38.09, 38.91, 37.935
02/18/2020, 38.06, 16821350, 36.78, 38.07, 36.68
02/14/2020, 36.91, 12210390, 37, 37.35, 36.58
02/13/2020, 37.16, 19621430, 36.43, 37.32, 36.21
02/12/2020, 36.79, 20716440, 36.19, 37.02, 36.17
02/11/2020, 35.65, 14464740, 36.12, 36.28, 35.535
02/10/2020, 35.96, 34860320, 36.63, 36.85, 35.65
02/07/2020, 37.03, 31135080, 37.63, 38.15, 36.84
02/06/2020, 38.41, 87659730, 36.53, 39.64, 36.42
02/05/2020, 33.39, 20468190, 34, 34.16, 33.19
02/04/2020, 33.96, 14598180, 33.75, 34.115, 33.4
02/03/2020, 33.07, 14196190, 32.56, 33.24, 32.45
01/31/2020, 32.48, 12033050, 33.11, 33.14, 32.08
01/30/2020, 33.22, 12083790, 32.86, 33.23, 32.39
01/29/2020, 33.63, 7582161, 33.59, 33.88, 33.2927
01/28/2020, 33.42, 9739386, 33.06, 33.66, 32.85
01/27/2020, 32.78, 11800760, 32.31, 32.93, 32.15
01/24/2020, 33.19, 12336570, 34.11, 34.11, 32.97
01/23/2020, 33.89, 14887190, 33.99, 34.36, 33.72
01/22/2020, 34.02, 12851780, 34.29, 34.54, 33.955
01/21/2020, 34.09, 17055610, 34.08, 34.385, 33.87
01/17/2020, 34.22, 19303540, 33.82, 34.39, 33.58
01/16/2020, 34.19, 19919940, 33.5, 34.27, 33.03
01/15/2020, 33.23, 11262330, 32.99, 33.51, 32.95
01/14/2020, 32.82, 9816501, 32.69, 33.12, 32.64
01/13/2020, 32.69, 11008260, 32.97, 33.07, 32.49
01/10/2020, 32.78, 11156040, 32.86, 33.01, 32.46
01/09/2020, 33.22, 10892340, 33.53, 33.54, 33
01/08/2020, 33.05, 14637340, 32.35, 33.4, 32.35
01/07/2020, 32.54, 13998270, 31.8, 32.695, 31.72
01/06/2020, 31.64, 12585830, 31.23, 31.71, 31.16
01/03/2020, 31.52, 14440380, 31.71, 32.1, 31.26
01/02/2020, 32.3, 10694420, 32.31, 32.5, 31.96
12/31/2019, 32.05, 11055160, 31.86, 32.32, 31.77
12/30/2019, 32.03, 9402711, 32.49, 32.5029, 31.82
12/27/2019, 32.55, 10412930, 32.75, 32.84, 32.22
12/26/2019, 32.63, 9807822, 32.59, 32.89, 32.4211
12/24/2019, 32.5, 4290460, 32.44, 32.71, 32.42
12/23/2019, 32.43, 13991870, 32.13, 32.8, 31.99
12/20/2019, 32.13, 21859650, 32.12, 32.25, 31.54
12/19/2019, 32.03, 19906720, 31.75, 32.42, 31.61
12/18/2019, 31.68, 19051480, 30.69, 31.91, 30.6315
12/17/2019, 30.7, 11911260, 31.07, 31.21, 30.63
12/16/2019, 30.97, 15862110, 30.52, 31.28, 30.41
12/13/2019, 30.39, 12844530, 30.24, 30.61, 30.24
12/12/2019, 30.3, 18921530, 30.47, 30.59, 29.93
12/11/2019, 30.55, 11013910, 29.95, 30.6, 29.86
12/10/2019, 29.84, 12375760, 30.23, 30.26, 29.77
12/09/2019, 30.21, 10062270, 30.12, 30.75, 30.12
12/06/2019, 30.19, 10877460, 30.35, 30.47, 29.98
12/05/2019, 30.04, 11069840, 30.08, 30.36, 29.92
12/04/2019, 30, 9778965, 30.18, 30.33, 29.91
12/03/2019, 29.97, 16559340, 29.94, 30.01, 29.48
12/02/2019, 30.42, 14550080, 30.91, 30.95, 29.97
11/29/2019, 30.91, 7814538, 31.11, 31.14, 30.78
11/27/2019, 31.17, 14190190, 31, 31.36, 30.93
11/26/2019, 30.96, 16356420, 30.57, 30.99, 30.4
11/25/2019, 30.54, 14050930, 30.13, 30.57, 30.05
11/22/2019, 30.03, 14188280, 29.87, 30.1657, 29.575
11/21/2019, 29.79, 24304440, 29.2, 30.49, 29.15
11/20/2019, 29.17, 14289030, 29.3, 29.48, 28.88
11/19/2019, 29.44, 9962480, 29.62, 29.67, 29.18
11/18/2019, 29.49, 14537560, 29.24, 29.735, 29.01
11/15/2019, 29.25, 12170600, 29.05, 29.43, 28.91
11/14/2019, 28.89, 13714690, 29.16, 29.37, 28.73
11/13/2019, 29.08, 9316396, 29.04, 29.3, 28.93
11/12/2019, 29.05, 15144150, 29.36, 29.5, 28.93
11/11/2019, 29.34, 9693171, 29.13, 29.35, 28.92
11/08/2019, 29.21, 10624450, 29.16, 29.43, 29.05
11/07/2019, 29.05, 22740600, 29, 29.59, 28.63
11/06/2019, 29.54, 15313790, 29.85, 29.9, 29.4
11/05/2019, 29.81, 16645850, 30.19, 30.36, 29.71
11/04/2019, 30.05, 20340170, 29.77, 30.15, 29.61
11/01/2019, 29.62, 22716680, 29.96, 30.26, 29.41
10/31/2019, 29.97, 36865130, 29.47, 29.98, 28.84
10/30/2019, 29.86, 25518730, 30.15, 30.17, 29.72
10/29/2019, 29.85, 20674780, 30, 30.36, 29.82
10/28/2019, 30.06, 29893920, 30.5, 30.66, 29.75
10/25/2019, 30.3, 43837200, 30.87, 31.04, 29.92
10/24/2019, 30.75, 106271100, 31.86, 32.39, 30.51
10/23/2019, 38.83, 20530730, 38.99, 39.4499, 37.76
10/22/2019, 38.81, 13082860, 40.48, 40.48, 38.78
10/21/2019, 40.09, 9570554, 39.35, 40.29, 39.31
10/18/2019, 38.99, 12593950, 39.69, 39.91, 38.27
10/17/2019, 39.61, 7194894, 40.12, 40.1495, 39.41
10/16/2019, 39.91, 8413587, 40.01, 40.46, 39.595
10/15/2019, 40.28, 7751263, 39.56, 40.4, 39.35
10/14/2019, 39.78, 6460851, 40.32, 40.47, 39.47
10/11/2019, 40.36, 9283524, 39.89, 40.7, 39.805
10/10/2019, 39.54, 6831719, 39.34, 39.89, 39.26
10/09/2019, 39.5, 8077170, 39.99, 40.1, 39.22
10/08/2019, 39.7, 8003323, 40.412, 40.48, 39.67
10/07/2019, 40.8, 6614109, 40.24, 40.87, 40.06
10/04/2019, 40.36, 6321528, 40.36, 40.59, 39.83
10/03/2019, 40, 13662710, 39.59, 40.16, 38.61
10/02/2019, 39.7, 10182490, 40.12, 40.12, 39.25
10/01/2019, 40.25, 9471078, 41.32, 41.5654, 40.0304
09/30/2019, 41.2, 8116140, 41.46, 41.48, 40.815
09/27/2019, 41.35, 11941100, 42.5, 42.67, 40.61
09/26/2019, 42.44, 5996251, 42.38, 42.49, 41.72
09/25/2019, 42.5, 9829286, 41.51, 42.78, 41.18
09/24/2019, 41.42, 16367770, 43.71, 43.75, 41.06
09/23/2019, 43.38, 10022210, 43.29, 44.09, 42.85
09/20/2019, 43.23, 19430880, 43.16, 43.84, 42.94
09/19/2019, 42.93, 7420515, 43.19, 43.58, 42.68
09/18/2019, 43.24, 7866682, 43.21, 43.41, 42.39
09/17/2019, 43.24, 8702119, 42.9, 43.59, 42.88
09/16/2019, 42.76, 6187891, 42.4, 43.07, 42.19
09/13/2019, 42.63, 8059593, 43.15, 43.2, 42.33
09/12/2019, 43.2, 8251661, 43.76, 44.11, 43.11
09/11/2019, 43.25, 7861181, 43.55, 43.78, 43.05
09/10/2019, 43.25, 14040140, 43.9, 43.95, 42.51
09/09/2019, 44.26, 14547400, 45.6, 45.855, 43.84
09/06/2019, 45.42, 13108530, 45.22, 45.68, 44.56
09/05/2019, 45.3, 19355980, 43.78, 45.33, 43.62
09/04/2019, 43.36, 11590140, 42.49, 43.4, 42.11
09/03/2019, 41.96, 16176350, 42.38, 43.77, 41.64
08/30/2019, 42.65, 8866979, 42.7, 42.7, 41.9
08/29/2019, 42.49, 10605570, 42.25, 42.6531, 41.82
08/28/2019, 41.68, 10430500, 41.75, 42.195, 41.3
08/27/2019, 42.14, 16104780, 42.01, 42.69, 41.53
08/26/2019, 41.44, 6404899, 41.4, 41.48, 41
08/23/2019, 41, 14070410, 41.82, 42.69, 40.81
08/22/2019, 42.18, 8283589, 42.85, 43.08, 41.59
08/21/2019, 42.8, 12025060, 42.83, 43.28, 42.36
08/20/2019, 42.29, 11356680, 41.64, 42.85, 41.38
08/19/2019, 41.7, 10276540, 41.1, 41.88, 41.05
08/16/2019, 40.58, 7998824, 40.3, 40.65, 40.11
08/15/2019, 40.09, 12583110, 40.9, 41.05, 39.775
08/14/2019, 40.65, 11638680, 41.03, 41.2499, 40.39
08/13/2019, 41.81, 12567830, 40.41, 41.857, 40.38
08/12/2019, 40.48, 6934621, 41.1, 41.48, 40.3941
08/09/2019, 41.53, 11419630, 41.78, 41.97, 40.94
08/08/2019, 42.07, 14684640, 42.11, 42.35, 41.36
08/07/2019, 41.73, 15427590, 40.51, 41.9, 40.33
08/06/2019, 41.32, 15077880, 40.92, 41.64, 40.78
08/05/2019, 40.37, 23081000, 41.58, 42, 39.615
08/02/2019, 42.85, 20617170, 41.82, 43.04, 41.59
08/01/2019, 42.08, 22883640, 42.54, 43.48, 41.7236
07/31/2019, 42.31, 29745350, 41.08, 43.24, 41.01
07/30/2019, 41, 15670560, 41.08, 41.72, 40.82
07/29/2019, 41.5, 21170550, 41.5, 42.22, 40.9
07/26/2019, 41.52, 57527560, 40.07, 42.33, 40
07/25/2019, 38.12, 21255430, 39, 39.23, 37.91
07/24/2019, 38.73, 12488470, 38, 38.8, 37.76
07/23/2019, 37.9, 10741460, 37.87, 38.02, 36.82
07/22/2019, 37.58, 8415150, 36.92, 37.69, 36.83
07/19/2019, 36.77, 10842400, 37.96, 38.09, 36.73
07/18/2019, 37.66, 11125890, 37.39, 37.795, 37
07/17/2019, 37.7, 7926602, 37.86, 38.23, 37.56
07/16/2019, 37.99, 10979580, 38.78, 38.79, 37.82
07/15/2019, 38.68, 12738670, 38, 38.97, 37.9435
07/12/2019, 37.84, 8048674, 37.37, 37.9, 37.17
07/11/2019, 37.21, 8549479, 37.66, 37.87, 36.97
07/10/2019, 37.47, 11831810, 37.9, 38.03, 36.88
07/09/2019, 37.65, 14217970, 36.35, 37.67, 36.29
07/08/2019, 36.45, 8058474, 36.04, 36.64, 35.87
07/05/2019, 36.25, 6084815, 36, 36.35, 35.6
07/03/2019, 36.02, 5372634, 36.29, 36.39, 35.94
07/02/2019, 36.22, 8398931, 36.17, 36.6, 35.885
07/01/2019, 36.08, 14416770, 35.5, 36.25, 35.224
06/28/2019, 34.9, 15505290, 34.75, 34.99, 34.28
06/27/2019, 34.75, 12655890, 35.44, 35.64, 34.61
06/26/2019, 35.22, 8744768, 34.98, 35.38, 34.92
06/25/2019, 34.72, 11196390, 35.52, 35.73, 34.57
06/24/2019, 35.58, 9216830, 35.19, 35.67, 34.82
06/21/2019, 35.02, 12853620, 35.5, 35.75, 34.99
06/20/2019, 35.44, 19676060, 36.35, 36.65, 35.33
06/19/2019, 36.29, 12059710, 36.63, 36.68, 35.81
06/18/2019, 36.65, 12705490, 36.71, 37.51, 36.55
06/17/2019, 36.44, 7895968, 36.26, 36.68, 36.11
06/14/2019, 36.15, 7791057, 36.36, 36.49, 36.04
06/13/2019, 36.34, 21679420, 37.04, 37.04, 35.76
06/12/2019, 37.49, 6795451, 37.13, 37.6169, 37.05
06/11/2019, 37.21, 9528602, 38.09, 38.26, 36.854
06/10/2019, 37.64, 10036390, 38.35, 38.64, 37.62
06/07/2019, 37.93, 15399730, 36.87, 38.31, 36.8
06/06/2019, 36.59, 8862950, 36.26, 36.75, 35.96
06/05/2019, 36.33, 12798680, 36.5, 36.71, 35.9543
06/04/2019, 36.1, 15357130, 35.18, 36.15, 34.97
06/03/2019, 34.43, 22217080, 36.45, 36.9, 34.04
05/31/2019, 36.44, 8556067, 36.62, 36.96, 36.3
05/30/2019, 37.14, 7413128, 37, 37.2933, 36.6
05/29/2019, 36.85, 12270330, 37.02, 37.4, 36.5237
05/28/2019, 37.29, 11770270, 37.41, 38.04, 37.23
05/24/2019, 37.41, 9303870, 37.47, 37.85, 37.27
05/23/2019, 37.19, 18398790, 38.15, 38.29, 36.8
05/22/2019, 38.58, 21105430, 37.41, 39.32, 37.24
05/21/2019, 37.47, 8861388, 37.47, 37.86, 37.33
05/20/2019, 37.15, 9411902, 37.12, 37.725, 36.92
05/17/2019, 37.5, 9090265, 37.83, 38.125, 37.47
05/16/2019, 38.3, 10104400, 38.11, 38.72, 38.05
05/15/2019, 37.9, 11523060, 36.67, 38.14, 36.6425
05/14/2019, 36.93, 11125110, 37.04, 37.52, 36.6
05/13/2019, 36.59, 16829700, 37.5, 37.6434, 36.37
05/10/2019, 38.45, 12258960, 38.68, 39.16, 37.86
05/09/2019, 38.79, 10010670, 38.11, 39.02, 37.8203
05/08/2019, 38.58, 9168440, 38.45, 39.15, 38.33
05/07/2019, 38.62, 19283130, 39.9, 40.15, 38.12
05/06/2019, 40.23, 14517360, 39.69, 40.44, 39.45
05/03/2019, 40.8, 15577110, 40.48, 40.82, 39.96
05/02/2019, 39.95, 13419120, 39.24, 39.9999, 38.84
05/01/2019, 39.29, 14962560, 40, 40.07, 39.26
04/30/2019, 39.91, 22884630, 39.79, 40.92, 39.65
04/29/2019, 39.78, 19655080, 38.63, 39.97, 38.63
04/26/2019, 38.67, 15262810, 38.59, 39.34, 38.18
04/25/2019, 38.48, 26010310, 39.26, 40.13, 38.19
04/24/2019, 39.29, 30229050, 39.86, 39.95, 38.8
04/23/2019, 39.77, 104130400, 36.93, 40.535, 36.91
04/22/2019, 34.39, 19627880, 34.4, 34.615, 33.82
04/18/2019, 34.4, 9771737, 34.67, 34.86, 34.32
04/17/2019, 34.48, 9015376, 34.73, 34.9, 34.2
04/16/2019, 34.46, 9384037, 34.84, 34.99, 34.23
04/15/2019, 34.71, 10240380, 34.38, 35.03, 34.34
04/12/2019, 34.37, 12697920, 34.67, 34.83, 34.11
04/11/2019, 34.58, 10968710, 34.75, 34.87, 34.41
04/10/2019, 34.75, 11118990, 35.26, 35.27, 34.5125
04/09/2019, 35.14, 13870810, 34.84, 35.39, 34.8068
04/08/2019, 34.86, 10641690, 34.79, 35.06, 34.51
04/05/2019, 34.72, 9537065, 34.55, 34.7999, 34.37
04/04/2019, 34.42, 14334710, 34.7, 35.1353, 33.9
04/03/2019, 34.38, 18023820, 34, 34.76, 33.81
04/02/2019, 33.75, 11594190, 33.44, 33.89, 33.23
04/01/2019, 33.44, 12395850, 33.16, 33.68, 32.7
03/29/2019, 32.88, 13506040, 33.1, 33.24, 32.47
03/28/2019, 32.87, 17733430, 32.29, 32.93, 31.73
03/27/2019, 32.28, 13587160, 32.93, 33.4522, 31.95
03/26/2019, 33.06, 17245310, 32.98, 33.86, 32.92
03/25/2019, 32.59, 15240530, 32.83, 33.3, 32.28
03/22/2019, 33.02, 27936910, 32.5, 34.21, 32.34
03/21/2019, 32.61, 13320490, 32.31, 32.69, 32.03
03/20/2019, 32.57, 22344670, 31.24, 32.65, 31.16
03/19/2019, 31.27, 15521040, 31.15, 31.5, 30.88
03/18/2019, 31.08, 11557170, 31.25, 31.58, 30.84
03/15/2019, 31.22, 17361740, 31.04, 31.41, 30.71
03/14/2019, 31.03, 11998040, 31.28, 31.55, 30.94
03/13/2019, 31.3, 10077230, 31.31, 31.48, 31.04
03/12/2019, 31.16, 11998360, 31.15, 31.41, 30.885
03/11/2019, 30.87, 14281360, 30.24, 30.91, 30.24
03/08/2019, 30.04, 11955310, 29.64, 30.21, 29.41
03/07/2019, 30.12, 15766510, 30.76, 30.84, 30.01
03/06/2019, 30.8, 10931200, 30.94, 31.339, 30.585
03/05/2019, 31.03, 12998180, 30.5, 31.23, 30.39
03/04/2019, 30.5, 15894860, 30.78, 31.26, 30.065
03/01/2019, 30.62, 12318090, 31.17, 31.19, 30.28
02/28/2019, 30.78, 14740480, 30.25, 30.79, 30.01
02/27/2019, 30.41, 24590070, 30.95, 31, 29.9
02/26/2019, 31.01, 17490510, 31.89, 31.96, 30.99
02/25/2019, 31.99, 14835110, 31.99, 32.71, 31.88
02/22/2019, 31.71, 15376970, 30.81, 31.73, 30.81
02/21/2019, 30.76, 13922730, 31.36, 31.48, 30.6
02/20/2019, 31.37, 16839660, 31.71, 31.93, 31.21
02/19/2019, 31.65, 14362110, 31.23, 32.11, 31.15
02/15/2019, 31.23, 17567830, 31.2, 31.8, 30.97
02/14/2019, 30.96, 15285580, 30.86, 31.28, 30.6
02/13/2019, 31.12, 29334890, 30.57, 31.84, 30.55
02/12/2019, 30.39, 20225210, 30.44, 30.8, 30.23
02/11/2019, 30.23, 28810000, 30.17, 30.44, 29.6598
02/08/2019, 30.01, 40635190, 30.47, 30.74, 29.42
02/07/2019, 30.8, 69631040, 31.17, 31.73, 30.31
02/06/2019, 34.16, 33399890, 35.05, 35.25, 33.75
02/05/2019, 34.37, 17511500, 34.29, 34.57, 33.92
02/04/2019, 33.94, 14209190, 33.34, 34.18, 33.24
02/01/2019, 33.19, 18798250, 33.56, 34.09, 32.96
01/31/2019, 33.56, 21171060, 33.07, 33.69, 32.79
01/30/2019, 32.26, 17010160, 32.04, 32.38, 31.42
01/29/2019, 31.64, 18818950, 33.33, 33.55, 31.46
01/28/2019, 33.13, 21665470, 32.65, 33.2, 32.12
01/25/2019, 32.9, 22512750, 31.99, 33.62, 31.98
01/24/2019, 31.61, 12461320, 30.94, 31.73, 30.91
01/23/2019, 30.97, 21067810, 32.26, 32.45, 30.72
01/22/2019, 32.25, 17257130, 32.97, 33.35, 31.925
01/18/2019, 33.27, 16757730, 33.05, 33.89, 32.77
01/17/2019, 32.85, 11733010, 32.47, 33.085, 32.39
01/16/2019, 32.47, 10091930, 33.1, 33.3, 32.44
01/15/2019, 33.02, 13485040, 32.51, 33.35, 32.45
01/14/2019, 32.37, 9507037, 32.38, 32.75, 32.12
01/11/2019, 32.87, 17721130, 32.85, 33.2, 32.43
01/10/2019, 33.09, 30381240, 33.08, 33.5, 32.26
01/09/2019, 32.25, 14533050, 31.8, 32.4, 31.54
01/08/2019, 31.8, 16708400, 31.7, 32.05, 30.91
01/07/2019, 31.34, 19885220, 30.2, 31.38, 29.768
01/04/2019, 29.95, 23265250, 28.39, 30.1, 28.31
01/03/2019, 27.99, 19058190, 28.38, 29.18, 27.94
01/02/2019, 28.81, 15013080, 28.26, 28.987, 27.87
12/31/2018, 28.74, 15834880, 28.6, 29.13, 28.34
12/28/2018, 28.43, 21813380, 28.93, 29.14, 27.84
12/27/2018, 28.68, 31941680, 28.14, 28.92, 27.26
12/26/2018, 28.66, 35433940, 27, 28.7, 26.8
12/24/2018, 26.45, 18208310, 26.55, 27.27, 26.26
12/21/2018, 27.31, 38641820, 29.31, 29.76, 27.04
12/20/2018, 29.29, 51934420, 32.59, 32.72, 28.51
12/19/2018, 32.93, 24772700, 33.71, 34.7, 32.66
12/18/2018, 33.74, 18608720, 33.63, 34.17, 33.08
12/17/2018, 33.43, 23707400, 35.68, 35.7, 33.2
12/14/2018, 35.87, 19523150, 35.25, 36.62, 35.05
12/13/2018, 35.89, 22806360, 36.4, 36.49, 35.3
12/12/2018, 36.25, 32540050, 34.97, 37.135, 34.85
12/11/2018, 34.45, 30074610, 34.13, 35.75, 33.88
12/10/2018, 33.43, 19960930, 32.73, 33.64, 32.255
12/07/2018, 32.83, 29448580, 32.84, 34.37, 32.675
12/06/2018, 32.96, 25712700, 32.46, 32.97, 31.11
12/04/2018, 32.56, 22400860, 33.28, 34.16, 32.5
12/03/2018, 33.66, 23822980, 32.24, 33.85, 32.21
11/30/2018, 31.45, 25827270, 31.15, 31.55, 30.11
11/29/2018, 31.3, 49903500, 32.46, 32.54, 29.87
11/28/2018, 32.73, 18854060, 33, 33, 31.72
11/27/2018, 32.61, 10719390, 32.44, 33.1, 32.36
11/26/2018, 32.82, 16833340, 31.597, 32.87, 31.52
11/23/2018, 31.12, 5813907, 31.3, 31.96, 31.11
11/21/2018, 31.61, 16462160, 31.67, 32.08, 31.1
11/20/2018, 31.06, 20882950, 29.97, 31.735, 29.94
11/19/2018, 31.98, 15720270, 33.56, 33.6, 31.84
11/16/2018, 33.67, 17856170, 32.83, 33.92, 32.6
11/15/2018, 33.15, 16803360, 32.79, 33.36, 32.62
11/14/2018, 32.91, 18738410, 32.89, 33.85, 32.75
11/13/2018, 32.49, 17147590, 32.24, 32.85, 31.47
11/12/2018, 32.01, 18121150, 34, 34.105, 31.78
11/09/2018, 34.08, 16026030, 33.75, 34.42, 33.39
11/08/2018, 34.18, 14077470, 34.88, 34.99, 33.87
11/07/2018, 34.99, 16147360, 34.75, 35.12, 34.38
11/06/2018, 34.42, 15268650, 33.96, 34.8123, 33.84
11/05/2018, 34.02, 17978260, 34.26, 34.28, 33.37
11/02/2018, 34.3, 23982300, 34.87, 35.35, 33.85
11/01/2018, 34.62, 25284280, 34.6, 34.91, 33.82
10/31/2018, 34.75, 33038010, 34.37, 35.6373, 34.35
10/30/2018, 33.86, 43142530, 31.77, 34.55, 31.3
10/29/2018, 32.39, 40643380, 32.46, 33.75, 31.62
10/26/2018, 32.36, 47695030, 31.2, 33.1353, 30.94
10/25/2018, 31.8, 78927630, 31.32, 33.67, 30.76
10/24/2018, 27.54, 33113320, 28.85, 29.77, 27.305
10/23/2018, 28.77, 26199860, 28.48, 29.02, 28.07
10/22/2018, 29.18, 21713100, 29.05, 29.28, 28.31
10/19/2018, 28.83, 20084520, 29.33, 29.79, 28.68
10/18/2018, 29.29, 24150710, 29.4, 30.24, 28.975
10/17/2018, 29.55, 19352810, 29.95, 30.14, 28.96
10/16/2018, 29.87, 18388250, 29.1, 29.89, 28.84
10/15/2018, 28.61, 20213280, 27.85, 29.05, 27.59
10/12/2018, 27.99, 27057240, 28.09, 28.17, 27.26
10/11/2018, 27, 33035210, 26.351, 27.58, 26.19
10/10/2018, 26.79, 40292090, 29.12, 29.12, 26.7614
10/09/2018, 29.27, 22745360, 28.7, 29.565, 28.34
10/08/2018, 28.45, 22105150, 28.21, 28.939, 27.72
10/05/2018, 28.39, 28976290, 28.34, 28.96, 27.97
10/04/2018, 28.23, 21103040, 28.75, 28.76, 27.87
10/03/2018, 29.01, 19339930, 28.38, 29.12, 28.25
10/02/2018, 28.19, 17710100, 28.14, 28.62, 27.91
10/01/2018, 28.31, 20500780, 28.51, 28.7, 28
09/28/2018, 28.46, 22707810, 29.25, 29.28, 28.41
09/27/2018, 29.42, 14810960, 29.06, 29.69, 28.88
09/26/2018, 29.01, 12722360, 29.2, 29.45, 28.8
09/25/2018, 29.11, 16067190, 28.75, 29.24, 28.44
09/24/2018, 28.6, 20183030, 28.33, 29.115, 27.93
09/21/2018, 28.5, 43095250, 29.86, 29.95, 28.49
09/20/2018, 29.85, 15373460, 29.7, 30.02, 29.24
09/19/2018, 29.52, 16017860, 29.15, 29.56, 28.82
09/18/2018, 29.22, 15838930, 28.84, 29.63, 28.75
09/17/2018, 28.86, 30528780, 29.05, 29.28, 28.43
09/14/2018, 30.12, 13439230, 30.45, 30.77, 30.06
09/13/2018, 30.39, 18498220, 30.1, 30.57, 29.86
09/12/2018, 29.75, 29802060, 30.61, 30.83, 29.25
09/11/2018, 30.89, 15957930, 30.44, 31.44, 30.35
09/10/2018, 30.54, 17772230, 30.5, 30.6, 29.9531
09/07/2018, 30.49, 31433480, 30.31, 31.39, 29.82
09/06/2018, 30.81, 35978980, 32.86, 32.95, 30.62
09/05/2018, 32.73, 35988120, 34.65, 34.7, 32.51
09/04/2018, 34.84, 13537310, 34.75, 35.125, 34.48
08/31/2018, 35.18, 19050420, 35.57, 35.7201, 34.59
08/30/2018, 35.64, 19199030, 35.27, 36.149, 35.21
08/29/2018, 35.35, 17695410, 35.41, 35.6, 34.81
08/28/2018, 35.49, 22235080, 35.98, 36.04, 34.89
08/27/2018, 35.89, 28243850, 34.66, 36, 34.48
08/24/2018, 34.28, 15187310, 34, 34.49, 33.9279
08/23/2018, 33.88, 25719640, 33.9, 34.74, 33.72
08/22/2018, 33.81, 18521270, 33.45, 34.17, 33.35
08/21/2018, 33.69, 29260400, 32.75, 34.14, 32.6
08/20/2018, 32.6, 16501100, 32.79, 32.94, 32.2
08/17/2018, 32.73, 14862530, 32.74, 33.09, 32.34
08/16/2018, 32.83, 20834210, 32.7, 33.15, 32.415
08/15/2018, 32.38, 26386910, 32.81, 33.23, 31.951
08/14/2018, 33.19, 26341540, 33.4, 33.43, 32.515
08/13/2018, 32.8, 44070060, 32.04, 33.62, 32.02
08/10/2018, 32.01, 16056230, 31.65, 32.25, 31.47
08/09/2018, 31.96, 17606820, 31.85, 32.38, 31.61
08/08/2018, 31.84, 22458600, 32.75, 32.78, 31.81
08/07/2018, 32.67, 24569840, 33.1, 33.61, 32.55
08/06/2018, 32.98, 27485400, 31.82, 33.04, 31.45
08/03/2018, 31.96, 26220780, 32.58, 32.99, 31.8
08/02/2018, 32.82, 26846250, 31.58, 32.87, 31.34
08/01/2018, 31.91, 33181860, 32.25, 32.59, 31.46
07/31/2018, 31.87, 64248300, 31.95, 32.48, 31.07
07/30/2018, 31.38, 77530640, 34.17, 34.26, 31.07
07/27/2018, 34.12, 122714400, 37.25, 37.47, 33.9
07/26/2018, 42.94, 27627700, 42.87, 43.41, 42.14
07/25/2018, 44.22, 24932080, 42.35, 44.39, 42.35
07/24/2018, 42.17, 22403190, 43.77, 43.8, 41.59
07/23/2018, 43.31, 15139550, 43.45, 43.85, 42.4
07/20/2018, 43.42, 10433000, 43.5, 44.13, 43.23
07/19/2018, 43.44, 13255130, 43.27, 43.87, 43.11
07/18/2018, 43.34, 26494890, 44.19, 44.75, 42.74
07/17/2018, 44.71, 18135040, 43.59, 45.26, 43.15
07/16/2018, 44.26, 12936760, 44.3, 44.73, 43.91
07/13/2018, 44.49, 16414440, 45.28, 45.32, 43.93
07/12/2018, 45.26, 26966280, 44.8, 45.34, 44.36
07/11/2018, 43.87, 35043250, 42.63, 44.1, 42.22
07/10/2018, 43.75, 38268380, 44.2, 45.26, 43.63
07/09/2018, 44.14, 107298100, 46.74, 46.9, 42.08
07/06/2018, 46.65, 23700210, 44.91, 46.75, 44.61
07/05/2018, 45.06, 16131730, 44.07, 45.11, 43.55
07/03/2018, 43.89, 14237480, 45.36, 45.48, 43.8
07/02/2018, 44.98, 16665570, 43.06, 45, 42.75
06/29/2018, 43.67, 24373670, 45.05, 45.2, 43.56
06/28/2018, 44.79, 18892970, 43.65, 44.84, 42.49
06/27/2018, 43.7, 25834530, 45.5, 46.22, 43.68
06/26/2018, 44.84, 20165410, 44.36, 45.32, 43.51
06/25/2018, 44.17, 31326590, 45.47, 45.52, 43.325
06/22/2018, 45.88, 31076330, 45.58, 46.01, 44.5
06/21/2018, 45.24, 32158090, 46.36, 46.87, 44.2
06/20/2018, 46.13, 31187440, 45.56, 46.92, 45.4401
06/19/2018, 44.95, 39205270, 45.19, 45.71, 43.57
06/18/2018, 46, 25927580, 45.335, 46.2564, 44.5
06/15/2018, 45.8, 51368130, 46.62, 47.79, 45.64
06/14/2018, 46.76, 50818930, 44.55, 46.8, 44.5
06/13/2018, 44.07, 35111950, 44.24, 44.55, 43.4199
06/12/2018, 43.49, 50866610, 42.47, 44.33, 42.41
06/11/2018, 41.42, 24542900, 41.42, 41.69, 40.66
06/08/2018, 41.21, 34219060, 39.49, 41.26, 39.42
06/07/2018, 39.7, 41394940, 40.14, 40.16, 38.64
06/06/2018, 40.1, 147568800, 39.42, 40.23, 39.21
06/05/2018, 39.8, 66050920, 39.53, 40.16, 39.19
06/04/2018, 37.88, 31612240, 36.45, 37.98, 35.95
06/01/2018, 36.65, 29513480, 35.14, 36.69, 35.09
05/31/2018, 34.7, 14384330, 34.39, 34.97, 34.25
05/30/2018, 34.36, 14569630, 34.2, 34.655, 34.08
05/29/2018, 34.04, 22074440, 33.42, 34.83, 33.35
05/25/2018, 33.63, 10393150, 33.54, 33.99, 33.31
05/24/2018, 33.52, 14478980, 33.44, 33.755, 33.12
05/23/2018, 33.42, 13421520, 32.7, 33.43, 32.6
05/22/2018, 32.86, 14963750, 33.78, 33.81, 32.83
05/21/2018, 33.63, 21293480, 33.02, 34.025, 32.9
05/18/2018, 32.63, 10596940, 32.55, 32.97, 32.2108
05/17/2018, 32.58, 10720510, 32.78, 33.015, 32.281
05/16/2018, 32.77, 10833230, 32.75, 33.2166, 32.67
05/15/2018, 32.75, 15752460, 33.17, 33.17, 32.36
05/14/2018, 33.39, 17989270, 33.07, 33.58, 32.93
05/11/2018, 32.75, 14459130, 32.94, 33.1, 32.2501
05/10/2018, 32.87, 20677330, 32.71, 33.78, 32.58
05/09/2018, 32.46, 20676100, 32.07, 32.79, 31.94
05/08/2018, 31.85, 19557810, 31.2, 32.0899, 31.03
05/07/2018, 31.33, 18490880, 31.06, 31.84, 30.88
05/04/2018, 31.04, 21014240, 30.22, 31.36, 29.85
05/03/2018, 30.67, 19748180, 30.21, 31.02, 29.97
05/02/2018, 30.55, 22468300, 30, 31.2199, 29.95
05/01/2018, 30.3, 30536510, 30.21, 31.06, 29.6
04/30/2018, 30.31, 41581500, 28.62, 30.7457, 28.43
04/27/2018, 29, 37371070, 30.17, 30.32, 28.59
04/26/2018, 30.27, 43698300, 30.35, 31.42, 30.12
04/25/2018, 29.75, 92763280, 31.35, 32, 28.14
04/24/2018, 30.47, 40992160, 31.18, 31.64, 29.63
04/23/2018, 31.22, 29323210, 32.51, 32.62, 30.85
04/20/2018, 31.91, 34782560, 32.65, 33.12, 31.65
04/19/2018, 31.54, 22628420, 31.37, 32.28, 30.96
04/18/2018, 31.54, 25092800, 31.67, 32.0599, 31.07
04/17/2018, 31.84, 46587210, 29.45, 32.0568, 29.43
04/16/2018, 28.58, 11489940, 28.85, 28.95, 28.36
04/13/2018, 28.76, 12688700, 29.24, 29.46, 28.43
04/12/2018, 29, 17284790, 29.89, 29.9, 28.78
04/11/2018, 29.39, 25266040, 29.46, 29.83, 28.73
04/10/2018, 29.53, 28752270, 28.36, 30.3, 28.28
04/09/2018, 28.01, 13937830, 28.1, 28.79, 28
04/06/2018, 28.1, 15280170, 28.28, 29.0595, 27.97
04/05/2018, 28.64, 24284070, 28.51, 29.33, 28.1
04/04/2018, 28.25, 21956470, 26.85, 28.34, 26.6
04/03/2018, 27.54, 26006760, 28.36, 28.87, 27.22
04/02/2018, 28.04, 24329410, 28.37, 28.77, 27.75
03/29/2018, 29.01, 36738820, 28.76, 29.33, 27.9
03/28/2018, 28.45, 47819980, 27.78, 29.11, 27.39
03/27/2018, 28.07, 80170100, 31.85, 31.9, 27.88
03/26/2018, 31.91, 25507460, 31.69, 32.47, 30.7
03/23/2018, 31.03, 24822110, 31.26, 32, 30.7907
03/22/2018, 31.2, 29396150, 31.77, 32.13, 31.175
03/21/2018, 32.73, 43487480, 32.19, 33.15, 32.05
03/20/2018, 31.35, 82342750, 34.92, 34.95, 30.61
03/19/2018, 34.98, 22147210, 35.13, 35.74, 34.41
03/16/2018, 35.58, 13813800, 36, 36.2, 35.52
03/15/2018, 35.8, 20954030, 36.41, 36.48, 35.4
03/14/2018, 36.6, 41561040, 34.3, 36.8, 34.09
03/13/2018, 34.11, 22008930, 35.4, 35.53, 33.9
03/12/2018, 35.5, 21065740, 35.53, 35.73, 34.83
03/09/2018, 35.35, 19113020, 35.2, 35.5, 34.9367
03/08/2018, 34.85, 24783840, 35.42, 35.84, 34.68
03/07/2018, 35.76, 33594990, 33.99, 35.82, 33.99
03/06/2018, 34.43, 22494130, 34.58, 34.95, 33.86
03/05/2018, 34.58, 34826690, 32.9, 34.95, 32.58
03/02/2018, 33, 24882840, 31.93, 33.03, 31.49
03/01/2018, 32.24, 25003880, 31.95, 32.56, 31.26
02/28/2018, 31.86, 24141190, 31.5, 32.85, 31.47
02/27/2018, 31.32, 16524560, 31.91, 32.21, 31.26
02/26/2018, 32.16, 15751780, 32.7, 32.7, 31.96
02/23/2018, 32.66, 17270870, 32.2, 32.69, 31.97
02/22/2018, 32.11, 29143910, 33.43, 33.45, 31.63
02/21/2018, 33.38, 29542190, 33.03, 34.055, 32.6472
02/20/2018, 32.84, 22728870, 32.88, 33.57, 32.68
02/16/2018, 33.06, 27866430, 33.37, 33.5, 32.68
02/15/2018, 33.61, 31938560, 34.03, 34.38, 33.0599
02/14/2018, 33.75, 39287330, 32.85, 33.98, 32.55
02/13/2018, 33.44, 57038110, 30.67, 33.65, 30.64
02/12/2018, 30.95, 36946940, 31.44, 31.9, 30.8631
02/09/2018, 31.51, 67076270, 30.37, 31.805, 29.68
02/08/2018, 30.18, 162088200, 34.15, 35, 29.71
02/07/2018, 26.91, 48714940, 25.83, 27.08, 25.76
02/06/2018, 25.24, 26563810, 24.59, 25.58, 24.2
02/05/2018, 25.13, 33850310, 25.37, 26.64, 24.1
02/02/2018, 25.92, 32459880, 26.56, 27.0301, 25.7
02/01/2018, 27.14, 47493080, 25.52, 27.33, 25.44
01/31/2018, 25.81, 40279380, 25.61, 26.65, 25.14
01/30/2018, 25.62, 52348440, 24.83, 26.4, 24.55
01/29/2018, 25.18, 52278250, 24.4, 25.55, 24.1
01/26/2018, 24.27, 49493210, 22.39, 24.35, 22.3
01/25/2018, 22.16, 15487810, 22.5, 22.68, 22.04
01/24/2018, 22.37, 23169560, 22.84, 23.05, 22.1
01/23/2018, 22.75, 35239990, 22.51, 23.1691, 22.41
01/22/2018, 23.32, 22946520, 23.17, 23.5, 22.86
01/19/2018, 23.66, 17005350, 24.12, 24.22, 23.5
01/18/2018, 24.04, 21102380, 24.5, 24.52, 23.72
01/17/2018, 24.56, 17012530, 24.84, 24.95, 24.22
01/16/2018, 24.66, 32302790, 25.58, 25.7089, 24.51
01/12/2018, 25.41, 37017960, 24.94, 25.85, 24.93
01/11/2018, 24.35, 11640110, 24.3, 24.37, 23.9
01/10/2018, 24.25, 10412600, 24, 24.42, 23.76
01/09/2018, 24.17, 12569220, 24.63, 24.71, 24.07
01/08/2018, 24.59, 17816890, 24.37, 24.78, 23.88
01/05/2018, 24.32, 14940300, 24.07, 24.57, 23.88
01/04/2018, 23.99, 17638700, 24.5, 24.59, 23.685
01/03/2018, 24.45, 12812200, 24.56, 24.68, 24.07
01/02/2018, 24.51, 15292650, 24.07, 24.57, 23.85
12/29/2017, 24.01, 10381720, 24.27, 24.33, 23.91
12/28/2017, 24.31, 9763648, 24.25, 24.6, 24.17
12/27/2017, 24.23, 9099373, 24.26, 24.54, 24.07
12/26/2017, 24.26, 10111480, 24.26, 24.57, 24.13
12/22/2017, 24.46, 16091370, 25.03, 25.27, 24.38
12/21/2017, 25.05, 19349660, 25.06, 25.56, 24.7
12/20/2017, 25.2, 20656850, 25.44, 25.44, 24.69
12/19/2017, 25.08, 46020830, 24.61, 25.49, 23.92
12/18/2017, 24.68, 48809010, 23.23, 24.74, 23.13
12/15/2017, 22.23, 17905240, 22.61, 22.86, 22.185
12/14/2017, 22.58, 34009160, 21.79, 23.24, 21.62
12/13/2017, 21.66, 17005320, 21.77, 21.98, 21.52
12/12/2017, 21.65, 14284530, 22.01, 22.25, 21.625
12/11/2017, 22.05, 17229250, 21.1, 22.2, 21.1
12/08/2017, 21.1, 14866470, 21.15, 21.4, 20.95
12/07/2017, 21.01, 11847920, 21.12, 21.45, 20.97
12/06/2017, 21.09, 14012660, 20.52, 21.4, 20.4
12/05/2017, 20.77, 10638080, 20.3, 20.93, 20.3
12/04/2017, 20.4, 11631700, 20.85, 20.94, 20.225
12/01/2017, 20.71, 15241280, 20.52, 20.98, 20.12
11/30/2017, 20.58, 14662000, 21.01, 21.12, 20.51
11/29/2017, 20.79, 23624220, 21.82, 22.11, 20.52
11/28/2017, 21.83, 13839160, 21.85, 22.15, 21.56
11/27/2017, 21.82, 19659620, 22.36, 22.4, 21.7
11/24/2017, 22.42, 7584013, 22.4, 22.48, 22.17
11/22/2017, 22.27, 21151540, 21.9, 22.4, 21.8
11/21/2017, 21.88, 18293430, 21.2, 21.91, 21.15
11/20/2017, 21.13, 16793770, 20.78, 21.26, 20.7
11/17/2017, 20.76, 12823630, 20.26, 20.79, 20.25
11/16/2017, 20.36, 12960070, 20.06, 20.49, 19.985
11/15/2017, 19.91, 11187180, 19.82, 20.33, 19.73
11/14/2017, 20.05, 11915240, 20.17, 20.445, 19.88
11/13/2017, 20.17, 11803440, 20.16, 20.305, 19.93
11/10/2017, 20.32, 16284530, 19.79, 20.58, 19.74
11/09/2017, 19.9, 20253330, 19.4, 20.24, 19.36
11/08/2017, 19.59, 16282040, 19.7, 19.98, 19.37
11/07/2017, 19.66, 22199750, 19.55, 20.18, 19.51
11/06/2017, 19.39, 25503740, 19.78, 19.85, 19.26
11/03/2017, 19.9, 22246890, 19.87, 20.24, 19.52
11/02/2017, 19.71, 24444630, 20.5, 20.63, 19.64
11/01/2017, 20.61, 18813390, 20.74, 20.99, 20.4
10/31/2017, 20.62, 28033140, 21.26, 21.56, 20.46
10/30/2017, 21.25, 34005930, 21.4, 21.775, 21.06
10/27/2017, 21.68, 63567700, 20.18, 21.96, 20.15
10/26/2017, 20.31, 112182900, 19.22, 20.63, 18.9
10/25/2017, 17.14, 19728370, 17.2, 17.41, 17.03
10/24/2017, 17.25, 12512540, 17.5, 17.6, 17.23
10/23/2017, 17.37, 13990780, 17.94, 17.955, 17.34
10/20/2017, 17.87, 7255646, 17.98, 18.06, 17.83
10/19/2017, 17.89, 9278923, 17.84, 17.95, 17.65
10/18/2017, 18.02, 7756431, 18.23, 18.35, 17.97
10/17/2017, 18.28, 8932315, 18.31, 18.465, 18.11
10/16/2017, 18.33, 12999190, 18.59, 18.61, 18.23
10/13/2017, 18.63, 15799540, 18.45, 18.79, 18.35
10/12/2017, 18.45, 30675930, 17.77, 18.66, 17.73
10/11/2017, 17.73, 9978057, 17.47, 17.78, 17.43
10/10/2017, 17.41, 10175440, 17.77, 17.93, 17.39
10/09/2017, 17.67, 8812168, 17.82, 18.05, 17.65
10/06/2017, 17.85, 16413590, 18.03, 18.13, 17.66
10/05/2017, 18.25, 21238240, 17.8, 18.29, 17.74
10/04/2017, 17.75, 17342140, 17.82, 17.82, 17.5
10/03/2017, 17.59, 12864200, 17.13, 17.63, 17.12
10/02/2017, 17.09, 8458920, 16.8, 17.15, 16.78
09/29/2017, 16.87, 9355869, 16.89, 17.04, 16.75
09/28/2017, 16.85, 7026524, 16.87, 16.93, 16.75
09/27/2017, 16.95, 9065760, 16.9, 17.05, 16.755
09/26/2017, 16.59, 12881380, 17.03, 17.16, 16.57
09/25/2017, 16.98, 13231860, 17.6, 17.72, 16.82
09/22/2017, 17.61, 5546971, 17.49, 17.6275, 17.42
09/21/2017, 17.58, 6951425, 17.6, 17.65, 17.35
09/20/2017, 17.62, 7719507, 17.8, 17.84, 17.51
09/19/2017, 17.76, 7063501, 17.66, 17.8, 17.48
09/18/2017, 17.6, 14701160, 18.01, 18.09, 17.47
09/15/2017, 18.01, 12623880, 18.25, 18.395, 17.95
09/14/2017, 18.21, 9292295, 18.15, 18.27, 17.94
09/13/2017, 18.2, 13677560, 18.15, 18.49, 18.09
09/12/2017, 18.17, 19781630, 17.7, 18.29, 17.7
09/11/2017, 17.66, 13947370, 17.47, 17.78, 17.27
09/08/2017, 17.45, 11593580, 17.19, 17.46, 17.08
09/07/2017, 17.22, 14656390, 16.85, 17.41, 16.8301
09/06/2017, 16.83, 12331140, 16.65, 17.05, 16.5162
09/05/2017, 16.65, 10465840, 16.82, 16.9, 16.44
09/01/2017, 16.86, 8482442, 16.97, 17, 16.58
08/31/2017, 16.91, 7840275, 16.99, 17.1, 16.88
08/30/2017, 16.93, 6621762, 16.92, 17.04, 16.8
08/29/2017, 16.93, 11409160, 16.61, 17.055, 16.6
08/28/2017, 16.77, 7750164, 16.61, 16.88, 16.61
08/25/2017, 16.65, 11488460, 16.65, 16.82, 16.51
08/24/2017, 16.89, 10335860, 17.07, 17.07, 16.78
08/23/2017, 16.96, 15148430, 16.46, 17.05, 16.44
08/22/2017, 16.63, 11043620, 16.14, 16.65, 16.14
08/21/2017, 16.11, 12064920, 16, 16.2534, 15.9301
08/18/2017, 15.99, 7804163, 15.85, 16.07, 15.77
08/17/2017, 15.87, 9155222, 16.15, 16.29, 15.86
08/16/2017, 16.16, 15919500, 15.97, 16.36, 15.96
08/15/2017, 15.95, 5937985, 16.12, 16.22, 15.93
08/14/2017, 16.09, 9880843, 16.15, 16.28, 16.01
08/11/2017, 15.92, 8404839, 15.67, 16.06, 15.67
08/10/2017, 15.75, 11801850, 16.03, 16.18, 15.73
08/09/2017, 16.14, 7751119, 16.04, 16.16, 15.96
08/08/2017, 16.15, 12112450, 16.33, 16.48, 16.05
08/07/2017, 16.4, 9106930, 16.38, 16.42, 16.24
08/04/2017, 16.29, 15033320, 16.2, 16.43, 16.1299
08/03/2017, 16.18, 15090890, 16.07, 16.42, 16.05
08/02/2017, 16.07, 13262760, 16.21, 16.29, 15.945
08/01/2017, 16.21, 21612280, 16.2, 16.32, 15.91
07/31/2017, 16.09, 35900030, 16.6, 16.62, 16
07/28/2017, 16.75, 26199610, 16.66, 17.2, 16.52
07/27/2017, 16.84, 86496560, 17.36, 17.6, 16.5
07/26/2017, 19.61, 24150520, 20, 20.02, 19.27
07/25/2017, 19.97, 13564320, 19.98, 20.185, 19.69
07/24/2017, 20, 17173430, 20.28, 20.62, 19.82
07/21/2017, 20.11, 15277240, 20.35, 20.36, 20
07/20/2017, 20.53, 24505900, 20.18, 20.88, 20.18
07/19/2017, 20.12, 13461290, 20.03, 20.21, 19.83
07/18/2017, 19.98, 15517440, 19.76, 19.99, 19.41
07/17/2017, 19.94, 24130510, 19.8, 20.2362, 19.73
07/14/2017, 19.64, 20820920, 19.35, 19.97, 19.33
07/13/2017, 19.32, 17504130, 19.54, 19.67, 19.08
07/12/2017, 19.25, 29980370, 18.92, 19.54, 18.91
07/11/2017, 18.64, 18087710, 18.14, 18.66, 18.1
07/10/2017, 18.08, 8582204, 18.05, 18.15, 17.775
07/07/2017, 18.02, 13422120, 18, 18.335, 17.97
07/06/2017, 17.92, 18602500, 17.65, 18.58, 17.63
07/05/2017, 17.82, 8809971, 17.68, 17.9569, 17.42
07/03/2017, 17.65, 9040399, 17.94, 18.0073, 17.41
06/30/2017, 17.87, 13405460, 17.66, 18.075, 17.47
06/29/2017, 17.65, 18786810, 17.93, 17.936, 17.23
06/28/2017, 17.95, 17366400, 18.22, 18.235, 17.75
06/27/2017, 18.12, 14732280, 18.43, 18.6, 18.12
06/26/2017, 18.29, 17403910, 18.55, 19.01, 18.11
06/23/2017, 18.5, 24787630, 18.15, 18.63, 18.15
06/22/2017, 18.15, 20696690, 17.85, 18.38, 17.66
06/21/2017, 17.78, 23621980, 17.11, 18.04, 17.11
06/20/2017, 16.91, 8506965, 17.15, 17.15, 16.84
06/19/2017, 17.06, 11303960, 16.77, 17.08, 16.75
06/16/2017, 16.67, 9926394, 16.75, 16.81, 16.55
06/15/2017, 16.83, 11878840, 16.53, 16.89, 16.46
06/14/2017, 16.76, 12639650, 17.05, 17.13, 16.57
06/13/2017, 16.97, 13220590, 17.12, 17.22, 16.76
06/12/2017, 17.04, 20490460, 16.73, 17.1867, 16.27
06/09/2017, 16.9, 21264210, 17.65, 17.66, 16.45
06/08/2017, 17.59, 10534750, 17.44, 17.61, 17.27
06/07/2017, 17.44, 15841660, 17.62, 17.745, 17.3
06/06/2017, 17.57, 22768020, 18.1, 18.15, 17.47
06/05/2017, 18.23, 10553220, 18.29, 18.34, 18.02
06/02/2017, 18.31, 9369977, 18.53, 18.58, 18.22
06/01/2017, 18.53, 13166630, 18.22, 18.66, 18.2
05/31/2017, 18.32, 17408760, 18.48, 18.6, 18.08
05/30/2017, 18.43, 18187250, 18.21, 18.72, 18.18
05/26/2017, 18.23, 10448930, 17.99, 18.3, 17.95
05/25/2017, 17.95, 9550892, 18.04, 18.27, 17.94
05/24/2017, 17.98, 15504270, 18.1, 18.34, 17.83
05/23/2017, 18.15, 16821490, 18.41, 18.5133, 17.98
05/22/2017, 18.43, 11347500, 18.35, 18.52, 18.27
05/19/2017, 18.35, 16144480, 18.68, 18.9, 18.27
05/18/2017, 18.51, 19874640, 18.17, 18.61, 17.97
05/17/2017, 18.28, 30060120, 18.988, 19.25, 18.22
05/16/2017, 19.49, 35619780, 19.38, 19.785, 19.09
05/15/2017, 19.23, 22593160, 18.69, 19.3184, 18.63
05/12/2017, 18.61, 21998000, 18.45, 19.05, 18.34
05/11/2017, 18.39, 12439400, 18.63, 18.745, 18.31
05/10/2017, 18.54, 9966286, 18.37, 18.56, 18.25
05/09/2017, 18.37, 12488190, 18.31, 18.49, 18.195
05/08/2017, 18.31, 18935740, 18.68, 18.68, 18.16
05/05/2017, 18.69, 15037810, 18.45, 18.725, 18.37
05/04/2017, 18.48, 24596260, 18.6, 18.89, 18.36
05/03/2017, 18.57, 29730120, 18.37, 18.595, 18.15
05/02/2017, 18.24, 64099470, 17.57, 18.53, 17.35
05/01/2017, 17.54, 47382950, 17.14, 17.65, 16.97
04/28/2017, 16.48, 26464050, 16.5, 16.79, 16.43
04/27/2017, 16.61, 41094400, 15.8, 16.63, 15.8
04/26/2017, 15.82, 79244990, 15.9, 16.48, 15.76
04/25/2017, 14.66, 20422790, 14.71, 14.96, 14.63
04/24/2017, 14.71, 12752740, 14.7, 14.82, 14.56
04/21/2017, 14.63, 13785910, 14.65, 14.75, 14.41
04/20/2017, 14.65, 9545010, 14.58, 14.75, 14.51
04/19/2017, 14.54, 14258650, 14.44, 14.79, 14.44
04/18/2017, 14.44, 9691113, 14.37, 14.56, 14.27
04/17/2017, 14.4, 10363720, 14.3, 14.55, 14.12
04/13/2017, 14.3, 10525680, 14.49, 14.5, 14.22
04/12/2017, 14.42, 12906270, 14.34, 14.78, 14.26
04/11/2017, 14.31, 7590104, 14.3, 14.4, 14.2
04/10/2017, 14.36, 9983786, 14.3, 14.46, 14.2
04/07/2017, 14.29, 8246373, 14.36, 14.43, 14.25
04/06/2017, 14.39, 18054960, 14.53, 14.62, 14.3
04/05/2017, 14.53, 13720070, 14.61, 14.815, 14.41
04/04/2017, 14.69, 8920975, 14.75, 14.76, 14.58
04/03/2017, 14.84, 11588170, 14.97, 14.98, 14.65
03/31/2017, 14.95, 8377938, 14.93, 15.06, 14.91
03/30/2017, 14.92, 8405873, 15.05, 15.08, 14.9
03/29/2017, 15.04, 11065330, 14.86, 15.06, 14.7
03/28/2017, 14.94, 14817670, 15, 15.17, 14.8
03/27/2017, 14.99, 10442020, 15.02, 15.055, 14.75
03/24/2017, 15.14, 15535650, 15.06, 15.37, 15.03
03/23/2017, 14.93, 11588010, 14.99, 15.05, 14.73
03/22/2017, 14.98, 21040530, 14.5, 14.99, 14.32
03/21/2017, 14.54, 19068780, 15.08, 15.1, 14.5
03/20/2017, 15.09, 12490220, 15.11, 15.11, 14.82
03/17/2017, 15.08, 10985400, 15.2, 15.23, 15.03
03/16/2017, 15.19, 11654250, 15.08, 15.28, 15.04
03/15/2017, 15.03, 19343520, 15.25, 15.3, 14.85
03/14/2017, 15.32, 15034220, 15.2, 15.58, 15.15
03/13/2017, 15.21, 8716672, 15.1, 15.27, 15.1
03/10/2017, 15.12, 13690220, 15.23, 15.27, 14.94
03/09/2017, 15.22, 10952700, 15.24, 15.385, 15.03
03/08/2017, 15.24, 12640490, 15.19, 15.36, 15.08
03/07/2017, 15.18, 16672230, 15.52, 15.73, 15.16
03/06/2017, 15.56, 11444560, 15.75, 15.78, 15.5
03/03/2017, 15.75, 15179880, 15.84, 16.1, 15.68
03/02/2017, 15.79, 12396110, 15.77, 16, 15.72
03/01/2017, 15.79, 18150850, 15.9, 15.9, 15.585
02/28/2017, 15.77, 10834170, 16, 16.04, 15.74
02/27/2017, 16.06, 13634500, 15.93, 16.13, 15.72
02/24/2017, 15.98, 9131252, 15.95, 15.985, 15.85
02/23/2017, 16.03, 15282340, 16.12, 16.27, 15.9
02/22/2017, 16.08, 13571130, 16.4, 16.5101, 16.01
02/21/2017, 16.42, 15994330, 16.64, 16.69, 16.3
02/17/2017, 16.62, 14369850, 16.36, 16.625, 16.36
02/16/2017, 16.35, 21581000, 16.69, 16.79, 16.32
02/15/2017, 16.74, 35157520, 16.85, 16.89, 16.3
02/14/2017, 16.52, 34753570, 15.92, 16.6, 15.85
02/13/2017, 15.81, 29081240, 15.63, 15.99, 15.51
02/10/2017, 15.58, 72991600, 15.96, 16, 15.5
02/09/2017, 16.41, 109153300, 17.05, 17.12, 16.26
02/08/2017, 18.72, 37262650, 18.77, 18.77, 18.045
02/07/2017, 18.26, 26750930, 18, 18.67, 17.99
02/06/2017, 17.93, 13188700, 17.7, 17.97, 17.41
02/03/2017, 17.61, 14376110, 17.72, 17.85, 17.44
02/02/2017, 17.78, 19353850, 17.33, 17.86, 17.12
02/01/2017, 17.24, 21112590, 17.84, 17.92, 17.1
01/31/2017, 17.62, 25842410, 16.95, 17.74, 16.91
01/30/2017, 16.94, 18255680, 16.57, 17.1, 16.41
01/27/2017, 16.57, 11846530, 16.91, 16.97, 16.53
01/26/2017, 16.81, 10075220, 16.86, 17.07, 16.79
01/25/2017, 16.73, 10942900, 16.7, 16.79, 16.59
01/24/2017, 16.52, 12722060, 16.61, 16.6579, 16.33
01/23/2017, 16.61, 11780550, 16.57, 16.81, 16.46
01/20/2017, 16.58, 14811540, 16.82, 16.9, 16.46
01/19/2017, 16.79, 12706130, 17.09, 17.15, 16.75
01/18/2017, 17.11, 12700840, 17.01, 17.14, 16.83
01/17/2017, 16.96, 13122280, 17.07, 17.09, 16.86
01/13/2017, 17.25, 11352890, 17.38, 17.66, 17.23
01/12/2017, 17.38, 12372700, 17.13, 17.39, 16.96
01/11/2017, 17.3, 10961010, 17.46, 17.6, 17.17
01/10/2017, 17.37, 10458690, 17.51, 17.78, 17.32
01/09/2017, 17.5, 11907790, 17.22, 17.555, 17.19
01/06/2017, 17.17, 14651850, 17.24, 17.43, 17.11
01/05/2017, 17.09, 17055740, 16.91, 17.27, 16.8
01/04/2017, 16.86, 15852890, 16.5, 16.94, 16.5
01/03/2017, 16.44, 11133650, 16.31, 16.45, 16.21
12/30/2016, 16.3, 13998670, 16.31, 16.5701, 16.22
12/29/2016, 16.39, 14675510, 16.39, 16.65, 16.3
12/28/2016, 16.39, 13488480, 16.63, 16.7332, 16.2914
12/27/2016, 16.61, 13014550, 16.52, 16.87, 16.42
12/23/2016, 16.5, 18032850, 16.34, 16.6734, 16.16
12/22/2016, 16.41, 27925100, 16.82, 16.89, 16.27
12/21/2016, 17.08, 34378450, 17.52, 17.55, 17.01
12/20/2016, 17.92, 16778990, 18.23, 18.3218, 17.87
12/19/2016, 18.24, 12232330, 18.6, 18.7, 18.22
12/16/2016, 18.63, 14198830, 18.76, 18.89, 18.53
12/15/2016, 18.79, 11932830, 18.94, 19.15, 18.71
12/14/2016, 18.93, 13415420, 19.4, 19.62, 18.89
12/13/2016, 19.37, 15092590, 18.97, 19.59, 18.94
12/12/2016, 18.93, 15573240, 19.48, 19.7, 18.9
12/09/2016, 19.65, 15945930, 19.56, 19.84, 19.3832
12/08/2016, 19.64, 19678430, 19.5, 19.71, 19.08
12/07/2016, 19.48, 32109060, 18.26, 19.55, 18.2
12/06/2016, 18.23, 14020230, 18.31, 18.5, 18.1307
12/05/2016, 18.23, 12112400, 17.96, 18.36, 17.87
12/02/2016, 17.93, 12178380, 18, 18.16, 17.86
12/01/2016, 18.03, 19585590, 18.82, 18.83, 17.735
11/30/2016, 18.49, 20563130, 18.2, 18.8, 18.18
11/29/2016, 18.19, 13528340, 18.22, 18.6801, 18.13
11/28/2016, 18.3, 19238400, 18, 18.3, 17.85
11/25/2016, 18.06, 7862681, 18.27, 18.31, 18.03
11/23/2016, 18.22, 16975080, 18.45, 18.59, 18.08
11/22/2016, 18.63, 10685140, 18.66, 18.87, 18.51
11/21/2016, 18.6, 13048550, 18.72, 18.91, 18.59
11/18/2016, 18.73, 12488060, 18.73, 18.91, 18.64
11/17/2016, 18.55, 16233820, 18.7, 18.9601, 18.53
11/16/2016, 18.63, 14980890, 18.98, 19.151, 18.59
11/15/2016, 18.98, 19510530, 19.15, 19.51, 18.91
11/14/2016, 19.14, 23079110, 18.75, 19.2, 18.5
11/11/2016, 18.55, 15344410, 18.35, 18.729, 18.07
11/10/2016, 18.37, 31048940, 19.04, 19.3, 18.03
11/09/2016, 19.13, 33941230, 17.96, 19.235, 17.91
11/08/2016, 18.38, 19943260, 18.22, 18.56, 17.77
11/07/2016, 18.41, 25981070, 18.11, 18.69, 18.11
11/04/2016, 18.02, 30970110, 17.52, 18.34, 17.5
11/03/2016, 17.58, 17031510, 17.55, 17.8599, 17.26
11/02/2016, 17.61, 20841150, 17.43, 17.95, 17.38
11/01/2016, 17.49, 22601440, 17.84, 18, 17.261
10/31/2016, 17.95, 19506610, 17.65, 18.04, 17.64
10/28/2016, 17.66, 29314890, 17.7, 18, 17.5
10/27/2016, 17.4, 63633740, 18, 18.12, 17.07
10/26/2016, 17.29, 35062280, 17.58, 17.66, 17.17
10/25/2016, 17.26, 30662410, 17.82, 17.84, 17.15
10/24/2016, 18.03, 41720100, 17.6, 18.37, 17.49
10/21/2016, 18.09, 58349470, 16.95, 18.35, 16.74
10/20/2016, 16.9, 15079340, 17.04, 17.07, 16.82
10/19/2016, 17.07, 17362650, 16.94, 17.26, 16.88
10/18/2016, 16.83, 18419970, 16.86, 17.13, 16.79
10/17/2016, 16.73, 25758280, 16.76, 16.9793, 16.43
10/14/2016, 16.88, 73566060, 17.88, 18.05, 16.28
10/13/2016, 17.79, 18628990, 17.86, 17.99, 17.67
10/12/2016, 18.05, 23493720, 18.19, 18.19, 17.81
10/11/2016, 18, 49043590, 18.18, 18.2, 17.65
10/10/2016, 17.56, 105649300, 17.49, 18.24, 16.93
10/07/2016, 19.85, 38626230, 19.95, 20.53, 19.645
10/06/2016, 19.87, 109130200, 20.46, 21, 19.6
10/05/2016, 24.87, 61746090, 24.32, 25.25, 24.13
10/04/2016, 23.52, 21518540, 23.75, 23.79, 23.34
10/03/2016, 24, 37479890, 23.78, 24.25, 23.455
09/30/2016, 23.05, 16853040, 23.02, 23.25, 22.82
09/29/2016, 23.01, 26394350, 22.92, 23.36, 22.86
09/28/2016, 22.96, 44398000, 23.42, 23.63, 22.44
09/27/2016, 23.72, 65365590, 23.21, 23.98, 22.9
09/26/2016, 23.37, 95248720, 21.79, 23.57, 21.65
09/23/2016, 22.62, 191954800, 21.5, 22.89, 21.11
09/22/2016, 18.63, 15795400, 18.52, 18.92, 18.44
09/21/2016, 18.49, 16182930, 18.44, 18.5, 18.13
09/20/2016, 18.39, 15739680, 18.3, 18.64, 18.23
09/19/2016, 18.36, 23235470, 19.22, 19.24, 18.28
09/16/2016, 19.11, 40212130, 18.9, 19.25, 18.74
09/15/2016, 18.3, 14479610, 18.3, 18.42, 18.06
09/14/2016, 18.08, 16088860, 17.93, 18.39, 17.9
09/13/2016, 17.76, 15874310, 17.99, 18.1, 17.52
09/12/2016, 18.15, 18277860, 17.96, 18.24, 17.68
09/09/2016, 18.11, 30834200, 18.4, 18.82, 17.92
09/08/2016, 18.7, 45050320, 18.81, 19.31, 18.59
09/07/2016, 19.87, 26361940, 20.05, 20.65, 19.795
09/06/2016, 19.93, 24139030, 19.74, 20.14, 19.4775
09/02/2016, 19.55, 19858750, 19.62, 19.87, 19.35
09/01/2016, 19.5, 39739520, 19.37, 20.14, 19.27
08/31/2016, 19.21, 34179120, 18.39, 19.6, 18.38
08/30/2016, 18.38, 8893343, 18.59, 18.69, 18.32
08/29/2016, 18.47, 11406520, 18.39, 18.55, 18.3
08/26/2016, 18.3, 11213250, 18.4, 18.53, 18.1
08/25/2016, 18.32, 13255510, 18.33, 18.65, 18.23
08/24/2016, 18.25, 16752680, 18.8, 18.97, 18.2
08/23/2016, 18.69, 14073480, 18.65, 18.93, 18.65
08/22/2016, 18.55, 17488010, 18.95, 18.96, 18.52
08/19/2016, 18.98, 16995780, 18.96, 19.31, 18.76
08/18/2016, 19, 47512680, 19.56, 19.6, 18.92
08/17/2016, 20.17, 22754650, 20.43, 20.44, 19.9
08/16/2016, 20.4, 23482730, 20.78, 20.79, 20.29
08/15/2016, 20.86, 58747770, 19.85, 21.1, 19.83
08/12/2016, 19.54, 28375480, 19.71, 19.71, 19.01
08/11/2016, 19.78, 30891100, 19.17, 19.83, 19.1138
08/10/2016, 19.04, 28568210, 18.67, 19.57, 18.56
08/09/2016, 18.68, 19257890, 18.17, 18.79, 17.971
08/08/2016, 18.2, 15477700, 18.25, 18.48, 17.935
08/05/2016, 18.26, 22779150, 18.19, 18.58, 18.14
08/04/2016, 18.13, 33088860, 17.57, 18.31, 17.36
08/03/2016, 17.61, 55540080, 16.34, 17.88, 16.33
08/02/2016, 16.42, 16544990, 16.61, 16.7, 16.2
08/01/2016, 16.64, 26022790, 16.65, 16.85, 16.4
07/29/2016, 16.64, 25980920, 16.39, 16.74, 16.24
07/28/2016, 16.31, 31421100, 15.89, 16.34, 15.88
07/27/2016, 15.77, 83048520, 16.34, 16.59, 15.69
07/26/2016, 18.45, 42891160, 18.52, 18.65, 18.164
07/25/2016, 18.65, 21407700, 18.43, 18.7, 18.17
07/22/2016, 18.37, 19614010, 18.12, 18.3893, 17.76
07/21/2016, 18.39, 13922400, 18.57, 18.8, 18.35
07/20/2016, 18.56, 15020560, 18.52, 18.76, 18.45
07/19/2016, 18.33, 27264650, 18.51, 18.895, 18.27
07/18/2016, 18.65, 29697580, 18.29, 18.75, 18.05
07/15/2016, 18.08, 17361120, 17.98, 18.18, 17.81
07/14/2016, 17.96, 19546700, 18.02, 18.28, 17.911
07/13/2016, 17.74, 17913130, 18.21, 18.32, 17.5
07/12/2016, 18.1, 23773880, 17.98, 18.38, 17.92
07/11/2016, 17.71, 24027270, 17.59, 17.88, 17.52
07/08/2016, 18.08, 24845960, 17.53, 18.1649, 17.47
07/07/2016, 17.37, 13438130, 17.24, 17.675, 17.24
07/06/2016, 17.2, 15656560, 17.02, 17.34, 16.81
07/05/2016, 17.14, 15699640, 17.25, 17.28, 16.76
07/01/2016, 17.28, 20712950, 16.93, 17.5, 16.9
06/30/2016, 16.91, 14096440, 16.8, 17, 16.73
06/29/2016, 16.83, 18206930, 16.6, 17.01, 16.43
06/28/2016, 16.42, 18660550, 16.24, 16.64, 16.16
06/27/2016, 15.84, 23505610, 16.29, 16.4, 15.46
06/24/2016, 16.44, 31502120, 16.24, 16.9, 16.2
06/23/2016, 17.04, 25181790, 16.3, 17.07, 16.28
06/22/2016, 16.13, 13719890, 16.27, 16.32, 16.045
06/21/2016, 16.32, 14997090, 16.48, 16.56, 16.17
06/20/2016, 16.34, 22836110, 16.34, 16.64, 16.15
06/17/2016, 16.1, 32207520, 16.16, 16.3689, 15.96
06/16/2016, 15.87, 23597620, 15.9, 15.95, 15.4
06/15/2016, 15.96, 53448310, 15.71, 16.44, 15.71
06/14/2016, 15.36, 37268890, 14.82, 15.42, 14.8
06/13/2016, 14.55, 43037420, 14.63, 15.3, 14.505
06/10/2016, 14.02, 22059030, 14.45, 14.45, 14
06/09/2016, 14.6, 12350370, 14.84, 14.8595, 14.59
06/08/2016, 14.95, 12955030, 15.07, 15.12, 14.81
06/07/2016, 15, 16483300, 15.36, 15.37, 14.91
06/06/2016, 15.27, 13753110, 15.22, 15.45, 15.18
06/03/2016, 15.2, 15484980, 15.11, 15.3489, 14.96
06/02/2016, 15.2, 13177800, 15.04, 15.26, 14.8463
06/01/2016, 15.02, 18238410, 15.1, 15.17, 14.62
05/31/2016, 15.22, 24287050, 15.12, 15.49, 15.08
05/27/2016, 15.1, 28335660, 14.25, 15.1, 14.23
05/26/2016, 14.3, 21101450, 14.45, 14.48, 14.19
05/25/2016, 14.41, 23175910, 14.07, 14.57, 14.06
05/24/2016, 14.03, 36203740, 14.22, 14.22, 13.725
05/23/2016, 14.41, 12896350, 14.4, 14.6, 14.3301
05/20/2016, 14.43, 18485110, 14.2, 14.51, 14.16
05/19/2016, 14.15, 15876420, 14.15, 14.305, 14.04
05/18/2016, 14.14, 14256190, 14.35, 14.57, 14.05
05/17/2016, 14.34, 15571680, 14.21, 14.59, 14.13
05/16/2016, 14.29, 11561080, 14.09, 14.37, 14.06
05/13/2016, 14.1, 12696550, 14.06, 14.28, 14
05/12/2016, 14.08, 19828540, 14.63, 14.68, 14
05/11/2016, 14.59, 13777470, 14.61, 14.86, 14.44
05/10/2016, 14.63, 14578370, 14.17, 14.69, 14.16
05/09/2016, 14.2, 11448980, 14.28, 14.47, 14.15
05/06/2016, 14.4, 21194050, 14.12, 14.4, 13.98
05/05/2016, 14.12, 29058570, 14.93, 14.98, 14.08
05/04/2016, 14.84, 41644060, 13.95, 14.878, 13.92
05/03/2016, 14.01, 26012500, 14.22, 14.25, 13.9
05/02/2016, 14.4, 26115620, 14.73, 14.77, 14.17
04/29/2016, 14.62, 26859020, 14.7, 14.93, 14.32
04/28/2016, 14.64, 34738090, 14.85, 15.09, 14.62
04/27/2016, 14.86, 84705730, 15.15, 15.28, 14.81
04/26/2016, 17.75, 43206570, 17.21, 17.98, 17.08
04/25/2016, 17.09, 18962430, 17.2, 17.75, 16.88
04/22/2016, 17.23, 14848420, 17.33, 17.51, 17.02
04/21/2016, 17.51, 13584400, 17.48, 17.77, 17.42
04/20/2016, 17.4, 17737080, 16.94, 17.52, 16.9
04/19/2016, 16.92, 24776320, 17.37, 17.39, 16.68
04/18/2016, 17.31, 17271060, 17.71, 17.72, 17.06
04/15/2016, 17.58, 16344840, 17.52, 17.91, 17.31
04/14/2016, 17.53, 16206500, 17.38, 17.7, 17.14
04/13/2016, 17.37, 22629130, 16.68, 17.4, 16.68
04/12/2016, 16.57, 14924560, 16.5, 16.77, 16.15
04/11/2016, 16.51, 14175570, 16.74, 16.98, 16.41
04/08/2016, 16.65, 18671480, 17.12, 17.25, 16.41
04/07/2016, 16.98, 23293210, 16.88, 17.59, 16.85
04/06/2016, 17.26, 23107430, 17.12, 17.48, 16.9
04/05/2016, 17.05, 41582710, 17.59, 17.83, 16.89
04/04/2016, 17.09, 38173250, 16, 17.5403, 15.96
04/01/2016, 15.98, 20973750, 16.41, 16.43, 15.83
03/31/2016, 16.55, 18871040, 16.4, 16.84, 16.21
03/30/2016, 16.36, 19356940, 16.16, 16.72, 16.01
03/29/2016, 15.97, 16967340, 15.69, 15.99, 15.33
03/28/2016, 15.6, 14119710, 15.98, 16.005, 15.4
03/24/2016, 15.91, 14870600, 15.94, 15.988, 15.565
03/23/2016, 16.01, 17952140, 16.86, 16.91, 16.01
03/22/2016, 16.86, 9556987, 16.75, 17.01, 16.7
03/21/2016, 16.89, 12550230, 16.83, 17.05, 16.68
03/18/2016, 16.85, 21150730, 17.08, 17.38, 16.76
03/17/2016, 16.85, 17041100, 16.65, 17.147, 16.62
03/16/2016, 16.7, 24746270, 16.33, 16.77, 16.13
03/15/2016, 16.19, 19641790, 17, 17.04, 16.14
03/14/2016, 17.12, 16514980, 16.81, 17.32, 16.79
03/11/2016, 16.81, 21481300, 16.77, 16.94, 16.46
03/10/2016, 16.61, 33165140, 17.69, 17.7719, 16.38
03/09/2016, 17.66, 21536050, 18.61, 18.74, 17.52
03/08/2016, 18.33, 16378250, 19.1, 19.15, 18.33
03/07/2016, 19.17, 19720770, 19.11, 19.73, 18.77
03/04/2016, 19.36, 30083620, 19.45, 20.32, 19.06
03/03/2016, 19.31, 23226070, 18.53, 19.44, 18.48
03/02/2016, 18.54, 17193350, 17.85, 18.74, 17.715
03/01/2016, 17.85, 19313520, 18.47, 18.48, 17.59
02/29/2016, 18.12, 17380300, 17.96, 18.57, 17.78
02/26/2016, 17.94, 16335240, 17.72, 18.03, 17.4975
02/25/2016, 17.59, 22349060, 17.93, 17.95, 17.31
02/24/2016, 18, 26664380, 18, 18.09, 17.11
02/23/2016, 18.3, 25747340, 18.56, 18.96, 18.1
02/22/2016, 18.3, 24985020, 18.62, 18.675, 17.76
02/19/2016, 18.31, 23990570, 18.16, 18.88, 17.77
02/18/2016, 18.43, 34519530, 18.1, 18.55, 17.52
02/17/2016, 17.46, 25659410, 16.47, 17.6, 16.43
02/16/2016, 16.36, 17264850, 16.09, 16.4, 15.67
02/12/2016, 15.88, 35602150, 14.54, 15.94, 14.53
02/11/2016, 14.31, 38568340, 14.07, 14.79, 13.91
02/10/2016, 14.98, 40222290, 14.55, 15.28, 14.52
02/09/2016, 14.4, 26768010, 14.62, 15.545, 14.31
02/08/2016, 14.9, 24917010, 15.51, 15.55, 14.73
02/05/2016, 15.72, 24036590, 16.61, 16.64, 15.62
02/04/2016, 16.91, 18231820, 16.4, 17.175, 16.29
02/03/2016, 16.56, 24284020, 16.33, 16.74, 15.55
02/02/2016, 16.08, 31754430, 17.22, 17.27, 16.01
02/01/2016, 17.91, 49938610, 17.89, 18.77, 17.3
01/29/2016, 16.8, 16869490, 16.64, 17.07, 16.51
01/28/2016, 16.49, 16805380, 17.21, 17.34, 16.45
01/27/2016, 16.78, 16719660, 17.01, 17.62, 16.77
01/26/2016, 17.01, 22090740, 17.22, 17.28, 16.4
01/25/2016, 17.02, 33623990, 16.8, 17.45, 16.51
01/22/2016, 17.84, 15558870, 18.29, 18.56, 17.73
01/21/2016, 17.83, 26328300, 17.44, 18.32, 16.8
01/20/2016, 17.38, 69053770, 16.16, 19.04, 15.48
01/19/2016, 16.69, 24179450, 18.18, 18.18, 16.43
01/15/2016, 17.94, 24305740, 18.23, 18.53, 17.61
01/14/2016, 19, 37097740, 18.55, 19.16, 17.27
01/13/2016, 18.68, 35820880, 19.7, 19.76, 18.47
01/12/2016, 19.62, 14574130, 19.87, 20.41, 19.32
01/11/2016, 19.65, 21302190, 20.12, 20.2, 19.26
01/08/2016, 19.98, 21786970, 20.51, 20.72, 19.6
01/07/2016, 20.26, 20707190, 21, 21.48, 20.198
01/06/2016, 21.39, 13962840, 21.62, 22.18, 21.18
01/05/2016, 21.92, 16912710, 22.79, 23, 21.85
01/04/2016, 22.56, 15299530, 22.64, 22.84, 22.11
12/31/2015, 23.14, 19466170, 22.17, 23.28, 22.15
12/30/2015, 22.23, 15285360, 22.45, 22.94, 22.21
12/29/2015, 22.47, 11188140, 22.63, 22.82, 22.31
12/28/2015, 22.53, 13715060, 22.9, 23.32, 22.5
12/24/2015, 22.97, 7910740, 22.7, 23.06, 22.55
12/23/2015, 22.67, 13137520, 22.68, 22.95, 22.37
12/22/2015, 22.56, 13683180, 22.26, 22.67, 22.09
12/21/2015, 22.14, 22873030, 23.02, 23.04, 21.99
12/18/2015, 22.99, 23010940, 23.35, 23.44, 22.66
12/17/2015, 23.31, 17813420, 24.47, 24.75, 23.29
12/16/2015, 24.3, 24051350, 23.96, 24.48, 23.8
12/15/2015, 23.95, 23069400, 24.52, 24.69, 23.7
12/14/2015, 24.92, 18066680, 24.68, 24.94, 23.7
12/11/2015, 24.84, 22967680, 25.91, 26.2, 24.8
12/10/2015, 25.91, 28097910, 24.36, 26.25, 24.34
12/09/2015, 24.31, 14672270, 24.98, 24.98, 24.19
12/08/2015, 24.99, 23612750, 24.04, 25.1, 23.54
12/07/2015, 24.46, 16841080, 24.99, 25.16, 24.13
12/04/2015, 25.02, 16772020, 25.81, 25.85, 25.01
12/03/2015, 25.9, 23832690, 25.48, 26.06, 24.91
12/02/2015, 25.4, 11822240, 25.31, 25.72, 25.17
12/01/2015, 25.53, 14767970, 25.39, 25.58, 25
11/30/2015, 25.4, 17597560, 25.78, 25.82, 25.06
11/27/2015, 25.75, 4179967, 25.98, 26.07, 25.67
11/25/2015, 26.06, 13047940, 25.62, 26.4099, 25.59
11/24/2015, 25.52, 10370290, 25.17, 25.55, 25.02
11/23/2015, 25.2, 18126140, 26.11, 26.27, 25.02
11/20/2015, 26.27, 10789390, 26.32, 26.695, 26.03
11/19/2015, 26.32, 14203300, 25.94, 26.58, 25.93
11/18/2015, 25.9, 13925010, 25.17, 26.0901, 25.16
11/17/2015, 25.23, 13240470, 25.54, 25.69, 24.9
11/16/2015, 25.41, 12228790, 25.33, 25.7756, 25
11/13/2015, 25.18, 14258400, 25.89, 26.16, 25.16
11/12/2015, 26.13, 12537670, 26.08, 26.61, 25.85
11/11/2015, 26.5, 12704290, 27.08, 27.14, 26.37
11/10/2015, 27.05, 16522970, 26.81, 27.17, 26.25
11/09/2015, 27.09, 25592620, 28.07, 28.21, 26.68
11/06/2015, 28.28, 13558440, 28.58, 28.7, 28.05
11/05/2015, 28.66, 15507170, 29.47, 29.55, 28.45
11/04/2015, 29.36, 18752250, 29.36, 30.15, 29.23
11/03/2015, 29.13, 16676760, 29.09, 29.63, 29.04
11/02/2015, 29.2, 18512620, 28.54, 29.29, 28.05
10/30/2015, 28.46, 21906480, 29.13, 29.57, 28.35
10/29/2015, 29.06, 33469790, 30.58, 30.7, 28.93
10/28/2015, 30.87, 88894410, 28.13, 31.34, 27.76
10/27/2015, 31.34, 42258410, 31.02, 31.87, 30.65
10/26/2015, 30.89, 16747620, 30.63, 31.22, 30.48
10/23/2015, 30.28, 19816410, 29.97, 30.72, 29.61
10/22/2015, 29.15, 17390640, 29.24, 29.8, 28.74
10/21/2015, 29.3, 30698190, 29.5, 29.66, 28.65
10/20/2015, 30.91, 15787370, 30.94, 31.39, 30.41
10/19/2015, 30.91, 23914170, 31.15, 31.6, 30.57
10/16/2015, 31.15, 44338900, 30.08, 31.4, 29.36
10/15/2015, 29.71, 15799210, 29.46, 30.28, 29.01
10/14/2015, 29.38, 27502160, 29.46, 29.82, 28.38
10/13/2015, 29.06, 45741690, 29.55, 30.68, 28.84
10/12/2015, 28.75, 30550190, 30.3, 30.77, 28.6
10/09/2015, 30.85, 26819520, 30.9, 31.41, 30.28
10/08/2015, 30.32, 36380460, 29.57, 31.5, 29.03
10/07/2015, 29.83, 34703940, 28.35, 29.95, 28.01
10/06/2015, 27.62, 31274260, 28.16, 28.4, 26.75
10/05/2015, 28.15, 30894530, 26.99, 28.25, 26.33
10/02/2015, 26.31, 23430160, 24.5, 26.48, 24.34
10/01/2015, 24.68, 30871810, 26.47, 26.84, 24.65
09/30/2015, 26.94, 25378400, 25.94, 27.33, 25.88
09/29/2015, 25.59, 13398360, 25.23, 25.76, 24.915
09/28/2015, 25.26, 17416440, 24.96, 25.61, 24.6
09/25/2015, 25.29, 14538730, 26.84, 26.91, 25.14
09/24/2015, 26.6, 21296320, 26.51, 26.64, 25.3979
09/23/2015, 26.79, 10816770, 26.97, 27.28, 26.575
09/22/2015, 26.83, 13434610, 27.05, 27.48, 26.62
09/21/2015, 27.38, 10468790, 27.98, 28.09, 27.1899
09/18/2015, 27.96, 17477820, 27.04, 28.25, 26.99
09/17/2015, 27.41, 12854350, 27.54, 27.93, 27.03
09/16/2015, 27.75, 13279680, 27.14, 28, 27
09/15/2015, 27.17, 10112920, 27.04, 27.55, 27
09/14/2015, 26.9, 11520280, 27.21, 27.55, 26.795
09/11/2015, 27.39, 8790619, 27.63, 27.65, 27.17
09/10/2015, 27.71, 11224350, 27.07, 27.83, 26.95
09/09/2015, 27.18, 19322970, 27.17, 27.85, 26.42
