ID,HouseType,Size,Price,LotSize,Balcony,LivingSpace,NumberRooms,YearBuilt,Locality,PostalCode
4000745035,SINGLE_HOUSE,L,1249500,,TRUE,270,7.5,,Genestrerio,6852
4000781039,VILLA,M,1389150,640,TRUE,230,8.5,2024,Vétroz,1963
4000744528,VILLA,L,,,TRUE,880,14,,Lugano,6900
4000744292,MULTIPLE_DWELLING,L,,,TRUE,,,,Grono,6537
4000745275,SINGLE_HOUSE,L,,,TRUE,170,7.5,,Cadempino,6814
4000148710,SINGLE_HOUSE,S,1102500,460,TRUE,190,7.5,,Glovelier,2855
4000744731,SINGLE_HOUSE,L,1462650,,TRUE,250,7.5,,Balerna,6828
4000745567,MULTIPLE_DWELLING,L,1765220,,TRUE,280,,2023,Stabio,6855
103859174,VILLA,M,,,TRUE,440,9,,Castagnola,6976
3000744269,SINGLE_HOUSE,M,1911000,378,TRUE,350,8.5,,Arosio,6939
4000745329,SINGLE_HOUSE,L,1315650,,TRUE,160,7.5,,Balerna,6828
3003178554,SINGLE_HOUSE,S,1174530,876,FALSE,210,8.5,2023,Corban,2826
3003181491,SINGLE_HOUSE,L,1764000,504,FALSE,280,9.5,2024,Rothenbrunnen,7405
4000391531,SINGLE_HOUSE,S,1279630,362,TRUE,180,7.5,2023,Biel/Bienne,2500
4000391524,SINGLE_HOUSE,S,1301680,466,TRUE,180,8.5,2023,Biel/Bienne,2500
4000165467,FARM_HOUSE,M,3601500,3220,FALSE,440,15,2021,Oftringen,4665
3003138436,SINGLE_HOUSE,L,1949220,900,TRUE,200,8.5,2024,Burgistein,3664
4000391512,SINGLE_HOUSE,S,1304620,490,TRUE,180,8.5,2023,Biel/Bienne,2500
4000203632,SINGLE_HOUSE,S,,655,TRUE,230,10,2023,Bärschwil,4252
3003142547,CHALET,M,,933,TRUE,520,9.5,2023,Verbier,1936
4000782938,SINGLE_HOUSE,L,2182950,906,TRUE,210,8.5,2024,Seelisberg,6377
3003135982,ROW_HOUSE,S,1624350,,TRUE,230,8.5,2021,Sion,1950
4000391541,SINGLE_HOUSE,S,1311970,340,TRUE,200,7.5,2023,Biel/Bienne,2500
3003138940,SINGLE_HOUSE,M,1896300,340,TRUE,190,8.5,2023,Laufenburg,5080
4000782888,SINGLE_HOUSE,M,2469600,522,TRUE,240,8.5,2023,Abtwil SG,9030
3003141354,SINGLE_HOUSE,S,2866500,1167,TRUE,280,8.5,2023,Egerkingen,4622
3003149133,SINGLE_HOUSE,S,,300,TRUE,220,8.5,2024,Riedstätt,3159
3003515575,BIFAMILIAR_HOUSE,S,,446,TRUE,250,8.5,2024,Niederdorf,4435
4000391544,SINGLE_HOUSE,S,1282570,356,TRUE,190,7.5,2023,Biel/Bienne,2500
3003139101,BIFAMILIAR_HOUSE,S,1617000,,TRUE,180,7.5,,Riken AG,4853
4000413490,SINGLE_HOUSE,M,1256850,,FALSE,,8.5,2023,Etzgen,5275
4000743944,SINGLE_HOUSE,L,2278500,438,FALSE,250,8.5,2024,Spiez,3700
3003139372,BIFAMILIAR_HOUSE,S,1389150,264,TRUE,290,8.5,2022,Koppigen,3425
3002537292,CHALET,S,4983300,826,TRUE,300,9.5,,Les Crosets,1873
4000497999,SINGLE_HOUSE,M,1396500,,FALSE,240,8.5,,Bellmund,2564
3000954607,SINGLE_HOUSE,S,1381800,,TRUE,230,8.5,2022,Claro,6702
3003143497,SINGLE_HOUSE,L,2155600,900,TRUE,220,9.5,2024,Burgistein,3664
4000391618,SINGLE_HOUSE,S,1304620,378,TRUE,200,7.5,2023,Biel/Bienne,2500
4000632924,ROW_HOUSE,L,1896300,277,TRUE,190,7.5,2023,Aesch BL,4147
3003137386,BIFAMILIAR_HOUSE,S,1528800,264,TRUE,290,8.5,2022,Koppigen,3425
4000632923,ROW_HOUSE,L,1969800,277,TRUE,190,7.5,2023,Aesch BL,4147
3003140019,CHALET,M,3234000,,TRUE,220,8.5,2021,Riederalp,3987
3003145037,SINGLE_HOUSE,S,,330,TRUE,220,8.5,,La Neuveville,2520
3003527245,BIFAMILIAR_HOUSE,S,2521050,350,TRUE,220,8.5,,Zuzwil SG,9524
4000670850,SINGLE_HOUSE,L,1161300,280,TRUE,180,7.5,2024,Zullwil,4234
3003178551,SINGLE_HOUSE,S,1173060,862,FALSE,210,8.5,2023,Corban,2826
3003136743,SINGLE_HOUSE,S,2528400,619,TRUE,350,8.5,2023,Murgenthal,4853
3003310013,SINGLE_HOUSE,M,1690500,617,TRUE,250,8.5,,Farnern,4539
109300801,VILLA,M,7056000,,TRUE,440,9.5,2021,Castagnola,6976
3003135452,SINGLE_HOUSE,S,1984500,450,TRUE,,8.5,2023,Egerkingen,4622
3003137510,SINGLE_HOUSE,S,2866500,537,TRUE,310,8.5,2023,Egerkingen,4622
3003136748,SINGLE_HOUSE,S,1653750,582,TRUE,290,12.5,2023,Flühli LU,6173
3003514218,SINGLE_HOUSE,S,2043300,437,TRUE,230,8.5,2024,Märstetten,8560
4000795311,ROW_HOUSE,S,1837500,146,TRUE,190,8.5,2021,Flawil,9230
3002169934,MULTIPLE_DWELLING,S,10584000,2616,TRUE,2540,,2022,Sierre,3960
3003181683,SINGLE_HOUSE,M,1727250,354,FALSE,290,8.5,2023,Sevelen,9475
4000391586,SINGLE_HOUSE,S,1289920,348,TRUE,190,7.5,2023,Biel/Bienne,2500
4000670641,SINGLE_HOUSE,L,1249500,280,TRUE,180,7.5,2024,Zullwil,4234
3003136928,SINGLE_HOUSE,S,1580250,350917,TRUE,230,8.5,2022,Bellwald,3997
3003140515,SINGLE_HOUSE,S,1881600,,FALSE,250,8.5,,Düdingen,3186
4000802537,SINGLE_HOUSE,L,2322600,243,TRUE,240,9,1933,Allschwil,4123
4000717762,SINGLE_HOUSE,L,3160500,644,TRUE,250,10,2024,Hofstetten,4114
4000729776,SINGLE_HOUSE,L,1315650,120,TRUE,150,9,1966,Reinach BL,4153
4000825560,SINGLE_HOUSE,L,1756650,187,TRUE,220,7,1960,Reinach,4153
4000830729,MULTIPLE_DWELLING,L,2403450,4160,,880,37.5,1680,Langenbruck,4438
4000830730,MULTIPLE_DWELLING,L,2278500,358,TRUE,600,14,1888,Langenbruck,4438
4000830731,SINGLE_HOUSE,L,2278500,358,TRUE,600,14,1888,Langenbruck,4438
4000683975,SINGLE_HOUSE,M,1984500,490,TRUE,220,8.5,2024,Läufelfingen,4448
4000828574,MULTIPLE_DWELLING,L,,1527,TRUE,,,2004,Sursee,6210
4000828264,SINGLE_HOUSE,L,2690100,812,TRUE,200,9.5,1976,Adligenswil,6043
4000828262,MULTIPLE_DWELLING,L,470400,,,220,11,,Arogno,6822
4000826485,SINGLE_HOUSE,L,2866500,899,TRUE,360,9.5,1974,Füllinsdorf,4414
4000826201,VILLA,L,3895500,581,TRUE,220,9,,Corsier GE,1246
4000820000,MULTIPLE_DWELLING,L,2102100,675,TRUE,560,,,Sulgen,8583
4000819442,SINGLE_HOUSE,L,3087000,450,TRUE,440,12.5,1906,Mendrisio,6850
4000796174,BIFAMILIAR_HOUSE,L,3160500,404,TRUE,510,11,2005,Villars-Sainte-Croix,1029
4000788230,SINGLE_HOUSE,L,2940000,336,TRUE,170,7.5,1946,Steinhausen,6312
4000785866,BIFAMILIAR_HOUSE,L,1690500,135,TRUE,190,7.5,,Beromünster,6215
4000783894,BIFAMILIAR_HOUSE,L,,1178,,,9.5,1986,Pfäffikon ZH,8330
4000768026,BIFAMILIAR_HOUSE,L,3498600,511,TRUE,440,11,1967,Kriens,6010
4000699000,SINGLE_HOUSE,L,3822000,800,,220,8.5,1946,Chambésy,1292
4000689005,CHALET,L,3087000,710,TRUE,290,10,2011,Morgins,1875
4000683872,SINGLE_HOUSE,L,3814650,224,TRUE,290,8.5,1888,Schluein,7151
4000683445,CHALET,L,3667650,280,TRUE,200,5.5,2023,Schluein,7151
4000683442,SINGLE_HOUSE,L,,218,TRUE,360,8.5,2025,Flims Dorf,7017
4000669544,SINGLE_HOUSE,L,,1356,TRUE,450,14,,Seewis Dorf,7212
4000632035,SINGLE_HOUSE,L,1227450,294,TRUE,200,7.5,2024,Nunningen,4208
4000632021,SINGLE_HOUSE,L,1249500,322,TRUE,200,7.5,2024,Nunningen,4208
4000542615,CHALET,L,7791000,950,TRUE,,7,,Grund b. Gstaad,3783
4000515799,CHALET,L,,466,TRUE,790,37,1997,Zermatt,3920
4000502770,SINGLE_HOUSE,L,1308300,724,TRUE,170,8.5,1980,Eschenz,8264
4000499981,ROW_HOUSE,L,1793400,125,TRUE,280,8.5,2025,Glarus,8750
4000497844,MULTIPLE_DWELLING,L,7203000,1543,TRUE,,,1991,Glarus Nord,8753
4000463245,VILLA,L,4189500,1730,TRUE,520,11,1991,Novazzano,6883
4000411831,BIFAMILIAR_HOUSE,L,2058000,950,,220,7,1985,Eglisau,8193
4000376757,RUSTICO,L,5806500,53664,,390,17,,Vogorno,6632
4000366897,BIFAMILIAR_HOUSE,L,2609250,268,TRUE,220,7.5,2024,Givrins,1271
4000332726,SINGLE_HOUSE,L,,304,TRUE,260,9.5,2024,Oberglatt ZH,8154
4000327352,ROW_HOUSE,L,1837500,158,,220,9.5,2025,Gelterkinden,4460
4000293616,SINGLE_HOUSE,L,,2563,TRUE,470,11.5,1991,Rothenburg,6023
4000201820,VILLA,L,1308300,240,TRUE,,8.5,2024,Mendrisio,6852
4000189781,SINGLE_HOUSE,L,2881200,680,TRUE,350,11.5,1987,Pfeffingen,4148
4000167484,SINGLE_HOUSE,L,,1000,TRUE,,10,1988,Seewen SZ,6423
3003556692,FARM_HOUSE,L,2205000,960,,630,12.5,1920,Mülligen,5243
3003556507,BIFAMILIAR_HOUSE,L,1352400,250,TRUE,250,8.5,2024,Mülligen,5243
3003509371,SINGLE_HOUSE,L,3270750,909,TRUE,,11,2004,Weggis,6353
3003445584,SINGLE_HOUSE,L,,500,TRUE,470,8.5,2023,Weisslingen,8484
3002748982,SINGLE_HOUSE,L,1227450,,,143,5,2022,Mühlau,5642
3002584460,VILLA,L,,1549,TRUE,1180,37,1932,Zürich,8044
4000835051,MULTIPLE_DWELLING,M,2646000,490,,250,15,1925,Winterthur,8400
4000654760,SINGLE_HOUSE,M,1543500,622,,190,8.5,1989,Leutwil,5725
4000834354,SINGLE_HOUSE,M,,570,TRUE,290,8.5,1978,Heiden,9410
4000833858,SINGLE_HOUSE,M,2719500,388,TRUE,250,9.5,2008,Obfelden,8912
4000833676,CHALET,L,1249500,814,,240,7.5,,Saxon,1907
4000833677,SINGLE_HOUSE,L,874650,603,,150,7.5,,Saxon,1907
4000488703,SINGLE_HOUSE,M,2778300,445,,170,7,2005,Vernier,1214
4000694358,SINGLE_HOUSE,L,,242,,600,19.5,1660,Celerina/Schlarigna,7505
4000832611,SINGLE_HOUSE,M,4116000,800,TRUE,290,11.5,1904,Château-d’Œx,1660
4000811084,ROW_HOUSE,L,4704000,296,TRUE,,8.5,1999,Oberwil b. Zug,6317
4000788677,SINGLE_HOUSE,L,7203000,910,TRUE,230,8.5,,Einsiedeln,8840
4000731182,BIFAMILIAR_HOUSE,L,2344650,1817,TRUE,250,7.5,2023,St. Antönien,7246
4000753432,CHALET,L,4483500,5107,TRUE,790,11.5,,Troistorrents,1872
4000747576,BIFAMILIAR_HOUSE,L,1168650,766,TRUE,290,13,,Oberbuchsiten,4625
4000788674,SINGLE_HOUSE,L,1756650,628,,170,7.5,,Eclagnens,1376
4000725518,SINGLE_HOUSE,L,0,859,TRUE,370,10,,Grenchen,2540
4000815334,BIFAMILIAR_HOUSE,L,808500,189,,220,7.5,,Turbenthal,8488
4000820340,SINGLE_HOUSE,L,1896300,211,,,,,Torricella,6808
4000753428,MULTIPLE_DWELLING,L,1462650,356,,,24.5,,Hundwil,9064
4000768579,SINGLE_HOUSE,L,661500,906,TRUE,180,8.5,,Pagig,7028
4000753424,ROW_HOUSE,L,1102500,233,,220,7.5,,Wahlen b. Laufen,4246
4000831907,SINGLE_HOUSE,L,2719500,220,,310,8.5,,Montagnola,6926
4000787051,FARM_HOUSE,L,2866500,2186,,470,16.5,,Untersteckholz,4916
4000818062,SINGLE_HOUSE,L,514500,446,,76,5,,Malvaglia,6713
4000809758,VILLA,L,2940000,834,TRUE,740,19,,Corcelles NE,2035
4000788664,SINGLE_HOUSE,L,1690500,724,TRUE,190,8.5,,Wildhaus,9658
4000723591,SINGLE_HOUSE,L,338100,145,,168,5.5,,Arosio,6939
4000788662,SINGLE_HOUSE,L,1173060,732,,330,9.5,,Tramelan,2720
4000772767,VILLA,L,1411200,717,,400,10,,Vernayaz,1904
4000756204,SINGLE_HOUSE,L,1999200,843,,250,9,,Chabrey,1589
4000772766,SINGLE_HOUSE,L,557130,413,,180,8.5,,Bonfol,2944
4000804453,SINGLE_HOUSE,L,220500,90,,,5,,Moghegno,6677
4000723588,SINGLE_HOUSE,L,837900,97,TRUE,240,7,,Pianezzo,6582
4000778599,FARM_HOUSE,L,411600,1029,,300,11.5,,Bonfol,2944
4000731143,SINGLE_HOUSE,L,514500,150,TRUE,,6,,Miège,3972
4000758052,BIFAMILIAR_HOUSE,L,2190300,1709,TRUE,340,9.5,,Gibswil,8498
4000794231,ROW_HOUSE,L,1984500,156,TRUE,220,9,,Würenlos,5436
4000831903,ROW_HOUSE,L,1168650,297,,440,11,,Buttes,2115
4000747537,ROW_HOUSE,L,955500,198,,140,7,,Goldach,9403
4000820296,MULTIPLE_DWELLING,L,1014300,404,,270,13.5,,Scharans,7412
4000753397,TERRACE_HOUSE,L,968730,266,,172,7.5,,Gossau SG,9200
4000758032,CHALET,L,1389150,958,TRUE,200,9.5,,Pragg-Jenaz,7231
4000826998,BIFAMILIAR_HOUSE,L,3461850,262,,400,11,,Speicher,9042
4000820285,CHALET,L,1014300,699,TRUE,220,10,,La Tzoumaz,1918
4000753394,SINGLE_HOUSE,L,292530,117,,161,10,,Sobrio,6749
4000831901,SINGLE_HOUSE,L,1462650,802,TRUE,220,9.5,,Hägglingen,5607
4000820281,SINGLE_HOUSE,L,955500,1550,,140,7.5,,Vendlincourt,2943
4000772758,VILLA,L,3954300,425,TRUE,360,9.5,2024,Bogis-Bossey,1279
4000747520,MULTIPLE_DWELLING,L,1609650,854,,570,21.5,,Aarwangen,4912
4000768563,SINGLE_HOUSE,L,1234800,965,,330,11.5,,Bévilard,2735
4000741943,SINGLE_HOUSE,L,2043300,1330,TRUE,620,23,,Rebeuvelier,2832
4000772751,VILLA,L,3822000,425,TRUE,360,9.5,2024,Bogis-Bossey,1279
4000772750,BIFAMILIAR_HOUSE,L,3822000,425,TRUE,360,9.5,2024,Bogis-Bossey,1279
4000756171,SINGLE_HOUSE,L,602700,1148,,220,11.5,,Les Pontins,2610
4000787003,BIFAMILIAR_HOUSE,L,1465590,737,,220,8.5,,Auenstein,5105
4000753382,CHALET,L,1205400,400,TRUE,240,10,,Mase,1968
4000756169,SINGLE_HOUSE,L,1646400,511,TRUE,220,8.5,,Seedorf BE,3267
4000784111,BIFAMILIAR_HOUSE,L,1719900,240,,190,7.5,,Aesch BL,4147
4000731111,SINGLE_HOUSE,L,1014300,1389,TRUE,360,11,1970,Némiaz (Chamoson),1955
4000826961,SINGLE_HOUSE,L,5130300,732,TRUE,290,11.5,,Speicher,9042
4000794222,SINGLE_HOUSE,L,1464120,628,TRUE,200,8.5,,Reinach AG,5734
4000786994,SINGLE_HOUSE,L,1749300,790,,230,9,,Le Bry,1645
4000826932,SINGLE_HOUSE,L,1278900,460,TRUE,360,11.5,,Salins,1991
4000753371,CHALET,L,1308300,188,TRUE,170,9.5,,Trin Mulin,7016
4000747495,BIFAMILIAR_HOUSE,L,0,290,,230,8.5,2012,Wahlen b. Laufen,4246
4000756154,SINGLE_HOUSE,L,3675000,,TRUE,,15,2024,Aclens,1123
4000784108,SINGLE_HOUSE,L,1764000,1173,TRUE,190,9,,Venthône,3973
4000772741,SINGLE_HOUSE,L,1764000,109,TRUE,150,7.5,,Muralto,6600
4000741916,SINGLE_HOUSE,L,1087800,1424,,200,8.5,,Bourrignon,2803
4000799266,SINGLE_HOUSE,L,926100,700,,230,7.5,,Savagnier,2065
4000772739,VILLA,L,3895500,425,TRUE,360,9.5,2024,Bogis-Bossey,1279
4000815272,SINGLE_HOUSE,L,970200,212,,157,5.5,2024,Zeglingen,4495
4000757951,BIFAMILIAR_HOUSE,L,1014300,351,TRUE,220,5,,Thalheim AG,5112
4000813434,SINGLE_HOUSE,S,1747830,,TRUE,,,2023,Leissigen,3706
4000813454,SINGLE_HOUSE,S,1543350,550,TRUE,190,9.5,,Därstetten,3763
4000831410,ROW_HOUSE,L,2381400,378,FALSE,,12.5,2019,Clarmont,1127
4000727349,ROW_HOUSE,L,1808100,147,TRUE,210,9.5,1970,Bottmingen,4103
4000793012,MULTIPLE_DWELLING,L,2131500,950,TRUE,450,13,1985,Hölstein,4434
4000562267,SINGLE_HOUSE,L,1249500,59,TRUE,154,5.5,1985,Morcote,6922
4000829718,SINGLE_HOUSE,L,4483500,,FALSE,,8.5,1927,Lausanne,1005
4000830738,TERRACE_HOUSE,M,2543100,,TRUE,200,7.5,,Eggenwil,5445
4000825564,SINGLE_HOUSE,L,2190300,238,,290,9.5,2024,Sissach,4450
4000830010,SINGLE_HOUSE,M,2937060,712,TRUE,220,8.5,2012,Aesch LU,6287
4000829988,VILLA,L,,658,TRUE,340,9,,Ronco sopra Ascona,6622
4000815406,BIFAMILIAR_HOUSE,L,3087000,,TRUE,180,8.5,2025,Mies-Tannay,1295
4000829352,CHALET,M,,6667,TRUE,950,15,1970,Ollon VD,1867
4000727412,SINGLE_HOUSE,M,1161300,779,TRUE,,8.5,1954,Sonceboz-Sombeval,2605
4000138733,SINGLE_HOUSE,M,1173060,732,TRUE,,9.5,1800,Tramelan,2720
4000827133,FARM_HOUSE,M,720300,493,,180,8.5,,Riein,7128
4000826274,VILLA,S,2763600,333,,270,8.5,2025,Weggis,6353
4000826273,VILLA,S,2643060,478,,240,8.5,2025,Weggis,6353
4000766365,ROW_HOUSE,L,3601500,554,TRUE,,11,2004,Meinier,1252
4000707190,SINGLE_HOUSE,L,1911000,681,TRUE,190,8.5,1989,Ascona,6612
3003306593,SINGLE_HOUSE,L,1852200,544,,200,8.5,,Reigoldswil,4418
4000594950,SINGLE_HOUSE,L,0,533,,200,8.5,,Reigoldswil,4418
4000594630,SINGLE_HOUSE,L,1830150,508,,200,8.5,,Reigoldswil,4418
4000816508,SINGLE_HOUSE,S,1572900,463,TRUE,240,7,2022,Preonzo,6523
4000790877,BIFAMILIAR_HOUSE,M,2719500,649,TRUE,240,8.5,2006,Lugnorre,1789
4000821854,SINGLE_HOUSE,M,3035550,1782,TRUE,220,,1966,Blonay,1807
4000738398,ROW_HOUSE,L,3351600,680,TRUE,,9,2006,Thônex,1226
4000821041,ROW_HOUSE,M,1984500,220,TRUE,170,7.5,1977,Reinach,4153
4000820673,SINGLE_HOUSE,M,1029000,470,,140,4.5,2017,Densbüren,5026
4000820007,BIFAMILIAR_HOUSE,M,,714,TRUE,240,7,2008,Liestal,4410
4000819867,BIFAMILIAR_HOUSE,M,,500,,190,8.5,1850,Horgen,8810
4000819707,SINGLE_HOUSE,L,1161300,,,170,8.5,1970,Wila,8492
4000819847,SINGLE_HOUSE,M,1756650,765,,200,8.5,1981,Kleindöttingen,5314
4000819840,SINGLE_HOUSE,M,2484300,617,TRUE,230,8.5,2017,Bichelsee-Balterswil,8362
4000819574,SINGLE_HOUSE,M,1308300,652,TRUE,190,8.5,1773,Henniez,1525
4000818987,ROW_HOUSE,M,2381400,187,TRUE,250,9.5,1991,Hausen am Albis,8915
4000818954,BIFAMILIAR_HOUSE,M,720300,849,TRUE,170,7.5,,Schwaderloch,5326
4000817793,SINGLE_HOUSE,M,1881600,147,,220,8.5,2005,Therwil,4106
4000809213,SINGLE_HOUSE,S,1158360,336,FALSE,163,6,1952,Burgdorf,3400
4000816645,SINGLE_HOUSE,M,3050250,500,TRUE,160,4.5,2023,Marin-Epagnier,2074
4000816446,SINGLE_HOUSE,M,1749300,1108,TRUE,220,8.5,1977,Dussg,8374
4000795996,SINGLE_HOUSE,S,1433250,308,TRUE,220,7,2018,Claro,6702
4000814058,RUSTIC_HOUSE,M,145530,679,,136,5,,Menzonio,6692
4000571129,ROW_HOUSE,L,5130300,754,TRUE,310,7.5,,Rüschlikon,8803
4000748667,SINGLE_HOUSE,S,3219300,450,,,17,1890,Russin,1281
4000813237,BIFAMILIAR_HOUSE,M,2881200,223,TRUE,190,8.5,,Horgen,8810
4000621057,SINGLE_HOUSE,S,4733400,833,,,10,2024,Bernex,1233
4000812083,SINGLE_HOUSE,M,2278500,362,TRUE,180,8.5,1984,Bülach,8180
4000808421,SINGLE_HOUSE,M,1999200,836,,300,8.5,1985,Wiezikon b. Sirnach,8372
4000263561,VILLA,M,9555000,,,1370,16.5,2006,Lugano,6900
4000808089,SINGLE_HOUSE,M,2484300,1066,TRUE,360,12.5,1977,Sonvico,6968
4000538380,VILLA,M,0,,,540,9,1970,Montagnola,6926
4000807274,SINGLE_HOUSE,L,2925300,661,,300,11.5,1970,Wettingen,5430
4000805980,SINGLE_HOUSE,L,1315650,324,,140,7.5,,Baden,5400
4000806852,ROW_HOUSE,M,2190300,224,TRUE,230,8.5,2009,Illnau,8308
4000806086,MULTIPLE_DWELLING,M,2344650,1498,TRUE,290,12.5,1940,Melide,6815
4000805771,SINGLE_HOUSE,M,2469600,366,,240,8.5,1994,Stallikon,8143
4000805643,ROW_HOUSE,M,1837500,179,TRUE,190,7.5,1932,Basel,4057
4000805616,CHALET,M,,700,TRUE,190,11,1995,Obersaxen,7134
4000803642,SINGLE_HOUSE,M,1909530,300,TRUE,220,8.5,2024,Villmergen,5612
4000801693,ROW_HOUSE,L,3454500,353,TRUE,310,9,2008,Hermance,1248
4000801526,SINGLE_HOUSE,M,1462650,,TRUE,290,9.5,2004,Ponte Tresa,6988
4000800576,BIFAMILIAR_HOUSE,L,2352000,1239,,430,,1820,Lengnau,5426
4000798531,SINGLE_HOUSE,M,1896300,745,TRUE,290,8.5,2011,Botterens,1652
4000796484,SINGLE_HOUSE,M,,1114,TRUE,160,7.5,1964,Nyon,1260
4000795285,SINGLE_HOUSE,M,,268,,,7.5,,Obergösgen,4653
4000332510,BIFAMILIAR_HOUSE,M,1543500,,TRUE,170,8.5,2024,Orbe,1350
4000792887,BIFAMILIAR_HOUSE,M,1411200,173,TRUE,190,8.5,2024,Schaffhausen,8200
4000791472,SINGLE_HOUSE,M,5865300,901,TRUE,400,13.5,1957,Uitikon Waldegg,8142
4000790132,VILLA,M,6762000,1614,TRUE,400,14,1990,Lugano,6900
4000789623,BIFAMILIAR_HOUSE,M,1984500,327,,,9,1988,Embrach,8424
4000788286,SINGLE_HOUSE,M,2182950,1000,TRUE,220,8.5,2004,Ollon,1867
4000788084,SINGLE_HOUSE,M,2646000,600,TRUE,390,9.5,2005,Trachslau,8840
4000786694,BIFAMILIAR_HOUSE,M,1146600,255,TRUE,190,8.5,1992,Lützelflüh-Goldbach,3432
4000485256,ROW_HOUSE,M,1734600,170,FALSE,180,8.5,1980,Bonstetten,8906
4000784351,VILLA,M,25725000,2000,TRUE,1020,9,2012,Gommiswald,8737
3003003691,ROW_HOUSE,L,2190300,112,TRUE,180,8.5,2023,Bern,3018
3003003690,BIFAMILIAR_HOUSE,L,2271150,,TRUE,180,8.5,2023,Bern,3018
4000782089,BIFAMILIAR_HOUSE,M,4498200,448,TRUE,270,8.5,2004,Wallisellen,8304
4000782074,SINGLE_HOUSE,M,,786,TRUE,290,11.5,1983,Bülach,8180
4000782069,SINGLE_HOUSE,M,1602300,499,TRUE,180,7,1830,Densbüren,5026
4000781245,CHALET,M,2572500,278,TRUE,170,7.5,1929,Arosa,7050
4000781099,ROW_HOUSE,M,1881600,179,,250,8.5,1843,Hinwil,8340
3002091888,SINGLE_HOUSE,M,733530,107,TRUE,180,7.5,,Castel San Pietro,6874
4000780817,ROW_HOUSE,M,1514100,276,TRUE,190,8.5,1978,Neftenbach,8413
4000779984,BIFAMILIAR_HOUSE,M,1984500,248,TRUE,240,8.5,2024,Niederlenz,5702
4000548906,VILLA,M,2344650,,TRUE,190,8.5,2026,Le Mont-sur-Lausanne,1052
4000777347,VILLA,M,2344650,,TRUE,190,8.5,2026,Lausanne,1004
4000775102,BIFAMILIAR_HOUSE,M,1844850,434,TRUE,200,9,1993,Hofstetten-Flüh,4114
4000288020,SINGLE_HOUSE,S,896700,868,TRUE,,7,1947,Couvet,2108
4000774635,SINGLE_HOUSE,M,1367100,791,TRUE,190,11,1968,Jegenstorf,3303
4000554082,CHALET,S,1115730,350,TRUE,150,7.5,1975,Grächen,3924
4000771310,RUSTIC_HOUSE,M,,2173,,,2,,Rasa,6655
4000769652,BIFAMILIAR_HOUSE,M,1784580,320,TRUE,330,8.5,2024,Kaltenbach,8259
4000766450,BIFAMILIAR_HOUSE,M,1830150,217,TRUE,300,8.5,2000,Marthalen,8460
4000764877,MULTIPLE_DWELLING,M,4998000,1587,TRUE,,,1988,Kaufdorf,3126
4000764568,VILLA,L,,841,TRUE,880,15,2024,Lugano,6900
4000740956,SINGLE_HOUSE,L,2734200,250,,190,8.5,2024,Zufikon,5621
4000762737,SINGLE_HOUSE,M,,756,TRUE,340,9,2022,Klosters,7250
4000762023,MULTIPLE_DWELLING,M,3160500,426,,,,1943,Bern,3007
4000758513,TERRACE_HOUSE,M,,193,TRUE,270,8.5,1968,Oberrohrdorf,5452
4000757745,BIFAMILIAR_HOUSE,M,2778300,422,TRUE,400,9.5,2024,Lengnau,5426
4000757387,SINGLE_HOUSE,M,,450,TRUE,230,8.5,1995,Orselina,6644
4000754798,SINGLE_HOUSE,M,1205400,491,TRUE,154,8.5,1952,Gränichen,5722
4000685739,VILLA,S,1462650,1186,TRUE,250,9.5,1985,Bullet,1453
4000751766,VILLA,M,,592,TRUE,650,37,1906,St. Gallen,9000
4000750001,SINGLE_HOUSE,M,1984500,582,TRUE,230,7.5,2008,Pampigny,1142
4000749892,TERRACE_HOUSE,M,1741950,448,TRUE,220,7.5,2002,Wohlen AG,5610
4000746500,SINGLE_HOUSE,M,3381000,1000,TRUE,330,9.5,2014,Eschlikon TG,8360
4000745557,BIFAMILIAR_HOUSE,M,3498600,251,TRUE,280,9.5,1982,Zürich,8041
4000745355,SINGLE_HOUSE,M,1447950,,FALSE,,7,,Büren an der Aare,3294
4000744229,VILLA,M,,800,TRUE,630,11.5,,Meilen,8706
4000740280,ROW_HOUSE,M,,248,TRUE,280,9.5,1929,Zürich,8057
4000733520,MULTIPLE_DWELLING,M,2462250,1335,TRUE,,,1847,Gebertingen,8725
4000730933,SINGLE_HOUSE,M,1764000,504,TRUE,140,6,1961,Aigle,1860
4000730588,ROW_HOUSE,M,1959510,452,TRUE,470,10,1988,Morbio Inferiore,6834
4000729559,ROW_HOUSE,M,4189500,600,TRUE,250,11,1995,Vésenaz,1222
4000728425,VILLA,M,7276500,,TRUE,310,9.5,1960,Meilen,8706
4000726496,BIFAMILIAR_HOUSE,M,1881600,437,TRUE,280,9.5,2023,Kaltbrunn,8722
4000719506,SINGLE_HOUSE,L,3263400,352,,350,9.5,,Horgen,8810
4000719508,SINGLE_HOUSE,L,5659500,352,,350,9.5,,Horgen,8810
4000725252,ROW_HOUSE,M,,157,TRUE,290,9.5,2006,Giebenach,4304
4000725095,BIFAMILIAR_HOUSE,M,1352400,509,TRUE,190,7,1970,Seltisberg,4411
4000725087,SINGLE_HOUSE,M,1403850,,,220,8.5,2024,Känerkinden,4447
4000724332,SINGLE_HOUSE,M,2484300,8340,TRUE,240,8.5,2019,Schaffhausen,8200
4000718761,ROW_HOUSE,M,1087800,181,TRUE,180,9,1987,Kappel SO,4616
4000718294,SINGLE_HOUSE,M,4851000,1191,TRUE,240,8.5,,Egg b. Zürich,8132
4000718136,SINGLE_HOUSE,M,1176000,395,TRUE,230,9.5,1963,Teufenthal AG,5723
4000717741,SINGLE_HOUSE,M,1572900,398,TRUE,140,7.5,1961,Reinach BL,4153
4000715341,SINGLE_HOUSE,M,3528000,,,240,10,2012,Cumbel,7142
4000713270,SINGLE_HOUSE,M,4145400,449,TRUE,280,11.5,1991,Vessy,1234
4000712010,FARM_HOUSE,M,3601500,3406,TRUE,360,13.5,1977,Siegershausen,8573
4000711570,ROW_HOUSE,M,1389150,85,TRUE,190,9.5,1986,Châtel-St-Denis,1618
4000697908,MULTIPLE_DWELLING,M,1212750,224,TRUE,250,10,1932,Muhen,5037
4000636134,SINGLE_HOUSE,M,0,,,,8.5,2024,Sarmenstorf,5614
4000696048,MULTIPLE_DWELLING,M,2675400,968,TRUE,,19,,Giubiasco,6512
4000695732,MULTIPLE_DWELLING,M,8085000,,TRUE,910,,,Kloten,8302
4000695730,MULTIPLE_DWELLING,M,11025000,125,TRUE,810,,1948,Opfikon,8152
4000695726,MULTIPLE_DWELLING,M,33810000,,TRUE,,,,Biasca,6710
4000695724,MULTIPLE_DWELLING,M,8820000,1338,TRUE,2320,,1953,Trimbach,4632
4000695720,MULTIPLE_DWELLING,M,7350000,2238,TRUE,,,1960,Bellach,4512
4000691772,ROW_HOUSE,M,1969800,277,TRUE,190,7.5,2024,Aesch BL,4147
4000687133,SINGLE_HOUSE,M,,541,TRUE,290,7,2026,Bassersdorf,8303
4000678874,SINGLE_HOUSE,M,1984500,1450,TRUE,510,13,,Riva San Vitale,6826
4000676415,SINGLE_HOUSE,M,2719500,935,TRUE,240,8.5,1975,Neerach,8173
4000674139,BIFAMILIAR_HOUSE,M,1852200,184,TRUE,230,11.5,1945,Bremgarten AG,5620
4000437165,SINGLE_HOUSE,S,0,900,,690,17,,Cologny,1223
4000664793,SINGLE_HOUSE,M,1264200,219,,150,7.5,,Peseux,2034
4000663330,BIFAMILIAR_HOUSE,M,1631700,282,TRUE,220,8.5,2011,Flaach,8416
4000659351,MULTIPLE_DWELLING,M,2352000,556,TRUE,,,1836,Olivone,6718
4000655517,VILLA,M,3079650,807,TRUE,280,9,1986,Blonay,1807
4000650071,CHALET,M,,992,TRUE,250,12.5,,Braunwald,8784
4000645048,SINGLE_HOUSE,M,,453,TRUE,380,11.5,2001,Nassenwil,8155
4000643703,SINGLE_HOUSE,M,3660300,1100,TRUE,520,11.5,1967,Döttingen,5312
4000639653,VILLA,M,,1010,TRUE,380,8.5,1983,Origlio,6945
4000639638,BIFAMILIAR_HOUSE,M,1543500,485,TRUE,140,7.5,1964,Pfeffingen,4148
4000636295,BIFAMILIAR_HOUSE,M,2572500,498,TRUE,490,8.5,2024,St. Gallenkappel,8735
4000636278,BIFAMILIAR_HOUSE,M,2337300,481,TRUE,360,8.5,2024,St. Gallenkappel,8735
4000625448,MULTIPLE_DWELLING,M,,493,TRUE,660,37,1900,Scuol,7554
4000625447,SINGLE_HOUSE,M,1617000,517,TRUE,240,8.5,1998,Thayngen,8240
4000616215,MULTIPLE_DWELLING,M,1837500,1033,TRUE,460,17.5,1975,Preonzo,6523
4000530913,SINGLE_HOUSE,S,1749300,,,,9.5,,Gontenschwil,5728
4000616174,BIFAMILIAR_HOUSE,M,1822800,352,TRUE,,9.5,,Müllheim Dorf,8555
4000614433,FARM_HOUSE,M,999600,767,TRUE,300,9,1919,Rebstein,9445
4000612942,ROW_HOUSE,M,1969800,444,TRUE,163,7.5,1958,Riehen,4125
4000611015,SINGLE_HOUSE,M,2028600,636,TRUE,330,9.5,1899,Romanshorn,8590
4000609060,MULTIPLE_DWELLING,M,7056000,863,TRUE,620,,,Uitikon,8142
4000608337,SINGLE_HOUSE,M,,1600,TRUE,880,14,2025,Collonge-Bellerive,1245
4000600613,TERRACE_HOUSE,M,2062410,,TRUE,,8.5,2024,Endingen,5304
4000586665,VILLA,M,21315000,1600,TRUE,1200,19,2010,Brunnen,6440
4000573291,BIFAMILIAR_HOUSE,M,1396500,356,TRUE,160,7,1979,Rorbas,8427
4000571323,SINGLE_HOUSE,M,2234400,768,TRUE,250,9.5,1954,Langnau am Albis,8135
4000564188,VILLA,M,3234000,756,TRUE,400,11,2013,Lumino,6533
4000562670,BIFAMILIAR_HOUSE,M,2623950,185,,220,8.5,2024,Muttenz,4132
4000460348,BIFAMILIAR_HOUSE,M,1837500,341,,190,9.5,2008,Embrach,8424
4000561579,BIFAMILIAR_HOUSE,M,2035950,265,TRUE,230,9,1962,Füllinsdorf,4414
4000558061,BIFAMILIAR_HOUSE,M,2499000,462,TRUE,180,9,1954,Muttenz,4132
4000555940,SINGLE_HOUSE,M,2337300,664,TRUE,250,9.5,1982,Niederrohrdorf,5443
4000554191,SINGLE_HOUSE,M,,,,1470,21,1900,Montreux,1820
4000552404,BIFAMILIAR_HOUSE,M,727650,178,TRUE,148,5.5,1936,Neuhausen am Rheinfall,8212
4000548347,BIFAMILIAR_HOUSE,M,4380600,364,TRUE,270,9.5,,Männedorf,8708
4000546658,VILLA,M,,1800,,1470,22,2025,Cologny,1223
4000545068,VILLA,M,3601500,1033,TRUE,360,9.5,1988,Worb,3076
4000544343,ROW_HOUSE,M,1837500,314,TRUE,230,8.5,1860,Theilingen,8484
4000536819,SINGLE_HOUSE,M,3792600,492,TRUE,360,9.5,,Hettlingen,8442
4000536463,SINGLE_HOUSE,M,,,TRUE,250,8.5,2026,Zunzgen,4455
4000517651,VILLA,M,6468000,1793,TRUE,220,8.5,1960,Ronco sopra Ascona,6622
4000503424,ROW_HOUSE,M,1830150,,TRUE,230,9.5,2024,Schönenbuch,4124
4000299750,SINGLE_HOUSE,S,3028200,,,,,,St. Stephan,3772
4000479928,SINGLE_HOUSE,M,3969000,746,TRUE,290,9.5,1979,Stallikon,8143
4000479865,MULTIPLE_DWELLING,M,13965000,2820,TRUE,2860,,1960,Allschwil,4123
4000477483,VILLA,L,2499000,,,180,8.5,,Lausanne,1012
4000468381,VILLA,M,,2241,TRUE,,17.5,1918,Flawil,9230
4000436672,ROW_HOUSE,L,2572500,,,,,,Dietikon,8953
4000453047,SINGLE_HOUSE,M,,,TRUE,240,8.5,2024,Oberwil BL,4104
4000389429,VILLA,S,,584,TRUE,300,8.5,1974,Yverdon-les-Bains,1400
4000448444,SINGLE_HOUSE,M,2925300,1200,,220,6,1971,Buchillon,1164
4000446101,ROW_HOUSE,M,2197650,304,TRUE,280,9,1994,Pfeffingen,4148
4000432695,SINGLE_HOUSE,M,,267,TRUE,190,8.5,1997,Steffisburg,3612
4000428673,VILLA,M,2719500,1404,TRUE,290,10,1971,Echandens,1026
4000420150,MULTIPLE_DWELLING,M,7203000,1200,TRUE,,,2024,Effingen,5078
4000410777,MULTIPLE_DWELLING,M,,,TRUE,,8.5,1980,Näfels,8752
4000406237,SINGLE_HOUSE,M,2175600,504,,163,5.5,1974,Gordola,6596
4000403509,TERRACE_HOUSE,M,,589,TRUE,340,9.5,1987,Meggen,6045
4000396283,MULTIPLE_DWELLING,M,5365500,490,TRUE,700,,1856,Waldenburg,4437
4000396282,MULTIPLE_DWELLING,M,6174000,314,TRUE,670,,,Liestal,4410
4000396281,MULTIPLE_DWELLING,M,5880000,1345,TRUE,1420,,1964,Küblis,7240
4000396070,MULTIPLE_DWELLING,M,4806900,732,,1290,,1781,Herzogenbuchsee,3360
4000396066,MULTIPLE_DWELLING,M,3645600,886,TRUE,1180,,1961,Le Sentier,1347
4000391026,SINGLE_HOUSE,M,,604,TRUE,172,7.5,1957,Attiswil,4536
4000225159,ROW_HOUSE,S,1543500,392,TRUE,170,7.5,1970,Oberrohrdorf,5452
4000363961,SINGLE_HOUSE,M,1756650,362,TRUE,200,9.5,2024,Meisterschwanden,5616
4000357037,MULTIPLE_DWELLING,M,3306030,712,TRUE,450,18,1930,Baden,5400
4000355583,SINGLE_HOUSE,M,764400,634,TRUE,145,6,1970,Walliswil bei Wangen,3377
4000354662,BIFAMILIAR_HOUSE,M,2425500,356,TRUE,170,7.5,2023,Meisterschwanden,5616
4000354385,SINGLE_HOUSE,M,4042500,622,TRUE,300,9.5,2023,Meisterschwanden,5616
4000354116,SINGLE_HOUSE,M,,1175,TRUE,230,9.5,1936,Braunwald,8784
4000337170,BIFAMILIAR_HOUSE,M,0,176,TRUE,170,8.5,1844,Vella,7144
4000322143,SINGLE_HOUSE,M,,,,240,8.5,,Beringen,8222
4000321856,SINGLE_HOUSE,M,2425500,393,TRUE,310,11,2023,Beringen,8222
4000321827,BIFAMILIAR_HOUSE,M,1822800,367,TRUE,220,8.5,2023,Beringen,8222
4000284024,SINGLE_HOUSE,M,2347590,367,TRUE,250,9.5,2024,Stadel,8174
4000275792,SINGLE_HOUSE,M,2352000,72,TRUE,,14,1985,Brugg AG,5200
4000244571,MULTIPLE_DWELLING,M,,,TRUE,820,22,,Pontresina,7504
4000222824,SINGLE_HOUSE,M,,633,TRUE,250,8.5,1996,Hochfelden,8182
3003557749,ROW_HOUSE,M,1146600,,TRUE,220,8.5,1999,Rebstein,9445
4000205124,VILLA,M,3263400,1097,TRUE,490,10,1985,Hofstetten SO,4114
4000181476,VILLA,M,,1592,TRUE,660,17,1996,Uetikon am See,8707
4000155092,SINGLE_HOUSE,M,2344650,768,TRUE,290,9.5,2007,Untereggen,9033
3003547979,BIFAMILIAR_HOUSE,M,1984500,171,TRUE,170,5.5,2023,Dietlikon,8305
3003539409,MULTIPLE_DWELLING,M,1675800,338,,,,,Klingnau,5313
3003529675,SINGLE_HOUSE,M,1249500,835,TRUE,190,10,1953,Selzach,2545
3003529254,SINGLE_HOUSE,M,2646000,582,TRUE,340,7,1965,Pont-en-Ogoz,1644
3003453178,SINGLE_HOUSE,M,,814,TRUE,410,12.5,2002,Mettmenstetten,8932
3003449222,MULTIPLE_DWELLING,M,1367100,,,,,1911,Novazzano,6883
3003440211,SINGLE_HOUSE,M,2609250,686,TRUE,400,13.5,1900,Dierikon,6036
3003439767,MULTIPLE_DWELLING,M,17640000,291,TRUE,2530,,1964,Biel (BE),2503
3003374002,SINGLE_HOUSE,M,1881600,100,,250,8.5,,Morcote,6922
3003371308,BIFAMILIAR_HOUSE,M,3454500,404,TRUE,290,8.5,2024,Grüt (Gossau ZH),8624
3003366102,MULTIPLE_DWELLING,M,2778300,510,TRUE,410,13.5,1903,Oberwil,4104
3003336848,SINGLE_HOUSE,M,3226650,703,TRUE,280,9.5,2019,Uetliburg,8738
3003296866,VILLA,M,5145000,,TRUE,,8.5,2024,Gentilino,6925
3003243010,VILLA,M,,575,TRUE,470,9.5,,Zürich,8032
3003224738,SINGLE_HOUSE,M,1018710,1135,TRUE,220,7,1967,Movelier,2812
3003071248,SINGLE_HOUSE,S,2087400,1100,TRUE,290,9.5,2007,Le Landeron,2525
3002831361,BIFAMILIAR_HOUSE,M,2572500,200,TRUE,230,8.5,2023,Reinach,4153
3002804818,MULTIPLE_DWELLING,M,,446,TRUE,410,,,Merligen,3658
3002750786,SINGLE_HOUSE,M,4924500,1130,TRUE,460,11.5,2003,Pfeffingen,4148
3002600970,MULTIPLE_DWELLING,M,5365500,1147,TRUE,1420,,1790,Oberkulm,5727
3002569661,VILLA,M,,800,TRUE,440,12.5,2024,Wollerau,8832
3002335393,MULTIPLE_DWELLING,M,926100,898,TRUE,980,37,1889,Walenstadtberg,8881
3002309210,SINGLE_HOUSE,M,2704800,,TRUE,180,8.5,2024,Hombrechtikon,8634
3002152073,SINGLE_HOUSE,L,2160900,508,,230,8.5,2023,Kaisten,5082
3002067765,SINGLE_HOUSE,M,25725000,2834,TRUE,1610,22,2022,Crans-Montana,3963
3002055295,BIFAMILIAR_HOUSE,M,1359750,431,,180,7.5,2023,Thalheim AG,5112
3001989341,CHALET,M,,,TRUE,1320,12.5,,Rougemont,1659
3001909378,VILLA,M,6541500,2100,TRUE,730,18,1930,Jouxtens-Mézery,1008
3000822788,MULTIPLE_DWELLING,S,73500,,TRUE,,,1965,St. Gallen,9000
3001678086,ROW_HOUSE,M,1734600,,TRUE,290,8.5,2023,Näfels,8752
3001118202,CHALET,M,14699980,1691,TRUE,820,13.5,2010,La Brévine,2406
4000726703,ROW_HOUSE,M,1176000,590,TRUE,230,9.5,1992,Rickenbach LU,6221
4000830785,SINGLE_HOUSE,L,801150,2267,,290,11.5,1900,Buix,2925
4000829823,ROW_HOUSE,L,2469600,628,TRUE,200,9.5,1983,Jona,8645
4000829802,MULTIPLE_DWELLING,L,2006550,661,TRUE,410,14,1996,Oberbuchsiten,4625
4000829224,ROW_HOUSE,L,1249500,,FALSE,330,9.5,,Avenches,1580
4000825663,SINGLE_HOUSE,L,1455300,686,,180,8.5,1953,Aarau,5000
4000811567,BIFAMILIAR_HOUSE,L,937860,467,FALSE,140,7.5,1963,Lommiswil,4514
4000795706,BIFAMILIAR_HOUSE,L,1021650,466,,180,,,Chénens,1744
4000795702,BIFAMILIAR_HOUSE,L,1021650,466,,180,,,Chénens,1744
4000761471,SINGLE_HOUSE,L,1021650,105,TRUE,220,9,1900,Zufikon,5621
4000751371,SINGLE_HOUSE,L,2344650,,,190,7.5,2004,Rümlang,8153
4000686714,MULTIPLE_DWELLING,L,0,428,TRUE,200,,1960,Eschenbach SG,8733
4000571320,SINGLE_HOUSE,L,1821330,835,TRUE,270,7,2005,Villars-Burquin,1423
4000226179,SINGLE_HOUSE,L,3013500,839,,270,9,1963,Stallikon,8143
3003501389,MULTIPLE_DWELLING,L,2572500,550,TRUE,460,,1883,Rickenbach LU,6221
4000830817,SINGLE_HOUSE,L,874650,204,FALSE,170,7.5,1960,Krauchthal,3326
4000830816,SINGLE_HOUSE,L,874650,185,FALSE,170,7.5,1960,Krauchthal,3326
4000795708,BIFAMILIAR_HOUSE,L,1903650,367,TRUE,260,9.5,2023,Le Landeron,2525
4000700710,SINGLE_HOUSE,L,2484300,1007,,390,11.5,1984,Sarmenstorf,5614
4000666504,BIFAMILIAR_HOUSE,L,1646400,297,TRUE,250,9.5,2015,Gelterkinden,4460
4000518693,ROW_HOUSE,L,1462650,250,TRUE,240,8.5,1996,Yverdon-les-Bains,1400
4000502731,BIFAMILIAR_HOUSE,L,1249500,153,,190,8.5,1900,Nuglar,4412
4000497566,ROW_HOUSE,L,1749300,364,,180,8.5,1965,Dietikon,8953
4000469948,BIFAMILIAR_HOUSE,L,2425500,354,,250,8.5,1994,Dietikon,8953
4000454177,SINGLE_HOUSE,L,1999200,757,,230,9.5,2004,Dickbuch,8354
4000397042,SINGLE_HOUSE,L,911400,603,,180,9.5,1962,Oberbuchsiten,4625
4000339681,BIFAMILIAR_HOUSE,L,3675000,1713,,430,12.5,1750,Untersiggenthal,5417
4000288556,SINGLE_HOUSE,L,1690500,729,TRUE,540,9.5,1928,Lotzwil,4932
3003485589,SINGLE_HOUSE,L,939330,281,,430,9,1888,Brugg AG,5200
3003446010,BIFAMILIAR_HOUSE,L,1896300,361,TRUE,310,8.5,1991,Niederlenz,5702
4000832968,SINGLE_HOUSE,L,1690500,277,,240,8.5,2024,Berg TG,8572
4000832544,BIFAMILIAR_HOUSE,L,1837500,979,TRUE,150,7.5,1898,Würenlos,5436
4000830814,SINGLE_HOUSE,L,955500,363,FALSE,170,7.5,1960,Krauchthal,3326
4000830784,SINGLE_HOUSE,L,801150,2267,,290,11.5,1900,Buix,2925
4000829218,SINGLE_HOUSE,L,1246560,1066,FALSE,170,8.5,1957,Enggistein,3077
4000828623,ROW_HOUSE,L,952560,,TRUE,170,8.5,,Safnern,2553
4000828560,SINGLE_HOUSE,L,1161300,342,TRUE,,7.5,1963,Bad Zurzach,5330
4000824846,SINGLE_HOUSE,L,1543500,758,TRUE,360,8.5,1923,Monthey,1870
4000816670,BIFAMILIAR_HOUSE,L,1786050,570,TRUE,250,7.5,2025,Thierachern,3634
4000816664,BIFAMILIAR_HOUSE,L,1690500,480,TRUE,250,7.5,2025,Thierachern,3634
4000816649,SINGLE_HOUSE,L,1455300,283,TRUE,290,9.5,1993,Bösingen,3178
4000814886,FARM_HOUSE,L,1205400,1928,TRUE,190,13,1900,Leuggern,5316
4000807058,ROW_HOUSE,L,1396500,,TRUE,240,8.5,2000,Stettlen,3066
4000792243,SINGLE_HOUSE,L,1911000,390,TRUE,300,8.5,1990,Nusshof,4453
4000783332,ROW_HOUSE,L,1014300,,,,8.5,2019,Buchackern,8586
4000781085,SINGLE_HOUSE,L,1396500,752,TRUE,190,8.5,1978,Wilchingen,8217
4000771499,SINGLE_HOUSE,L,882000,545,,170,8.5,1941,Etziken,4554
4000771497,BIFAMILIAR_HOUSE,L,1396500,621,,330,13,1890,Arch,3296
4000771485,SINGLE_HOUSE,L,3660300,404,,220,9.5,1934,Zürich,8041
4000767424,SINGLE_HOUSE,L,2197650,560,TRUE,290,8.5,2012,Bad Ragaz,7310
4000761246,SINGLE_HOUSE,L,1248030,389,TRUE,180,7.5,2013,Egerkingen,4622
4000726656,SINGLE_HOUSE,L,1168650,176,TRUE,200,8.5,2004,Burgdorf,3400
4000713186,BIFAMILIAR_HOUSE,L,2205000,329,TRUE,240,8.5,1993,Lauerz,6424
4000700548,MULTIPLE_DWELLING,L,2491650,1484,TRUE,,,1986,Chénens,1744
4000700547,MULTIPLE_DWELLING,L,2491650,1484,TRUE,,,1986,Chénens,1744
4000699965,ROW_HOUSE,L,1176000,192,TRUE,140,8.5,1969,Aesch BL,4147
4000698103,SINGLE_HOUSE,L,2058000,403,TRUE,290,11.5,1908,Wald ZH,8636
4000698023,SINGLE_HOUSE,L,1984500,1026,,180,7.5,2018,Schleitheim,8226
4000695794,BIFAMILIAR_HOUSE,L,2910600,499,,250,8.5,1984,Hombrechtikon,8634
4000671801,BIFAMILIAR_HOUSE,L,808500,495,,140,8.5,1966,Bannwil,4913
4000671800,BIFAMILIAR_HOUSE,L,1161300,502,TRUE,250,11.5,1963,Bannwil,4913
4000670022,BIFAMILIAR_HOUSE,L,1793400,,TRUE,140,7.5,,Reinach,4153
4000669945,SINGLE_HOUSE,L,3675000,809,TRUE,230,9,1968,Wädenswil,8820
4000666180,SINGLE_HOUSE,L,1323000,506,TRUE,170,8.5,1993,Münchwilen TG,9542
4000660069,ROW_HOUSE,L,1793400,393,TRUE,180,7.5,1997,Ebikon,6030
4000651589,SINGLE_HOUSE,L,4093950,820,,260,8.5,1980,Gockhausen,8044
4000637882,ROW_HOUSE,L,1293600,,,270,8.5,2023,Cressier FR,1785
4000637881,ROW_HOUSE,L,1293600,,,270,8.5,2023,Cressier FR,1785
4000633233,ROW_HOUSE,L,1425900,228,,570,14,1600,Laufenburg,5080
4000633230,ROW_HOUSE,L,1837500,203,TRUE,210,8.5,2006,Worb,3076
4000624770,SINGLE_HOUSE,L,676200,370,,220,9.5,1890,Aarwangen,4912
4000601209,BIFAMILIAR_HOUSE,L,1470000,400,TRUE,140,7.5,1986,Gerolfingen,2575
4000589456,BIFAMILIAR_HOUSE,L,1786050,570,TRUE,250,7.5,2025,Thierachern,3634
4000563563,SINGLE_HOUSE,L,1896300,839,TRUE,300,11,2020,Oberbuchsiten,4625
4000536360,FARM_HOUSE,L,1734600,1469,,360,7,1761,Le Locle,2400
4000535861,ROW_HOUSE,L,1271550,139,FALSE,230,9.5,2004,Lätti,3053
4000502611,SINGLE_HOUSE,L,1911000,541,FALSE,220,8.5,2004,Tschingel ob Gunten,3656
4000486758,SINGLE_HOUSE,L,4336500,535,TRUE,330,9.5,2000,Volketswil,8604
4000478879,BIFAMILIAR_HOUSE,L,1984500,414,TRUE,220,8.5,1985,Killwangen,8956
4000478876,SINGLE_HOUSE,L,1455300,859,,220,11.5,1967,Busswil TG,8371
4000478875,SINGLE_HOUSE,L,3381000,,,250,9.5,,Altendorf,8852
4000478873,BIFAMILIAR_HOUSE,L,1161300,231,TRUE,140,7.5,1923,Bern,3007
4000436683,SINGLE_HOUSE,L,1749300,2007,TRUE,290,11.5,1982,Schleitheim,8226
4000424015,ROW_HOUSE,L,2425500,66,,127,3,1899,Zürich,8003
4000391834,SINGLE_HOUSE,L,1793400,601,,240,9.5,1955,Windisch,5210
4000358170,SINGLE_HOUSE,L,1455300,283,TRUE,290,9.5,1993,Bösingen,3178
4000349260,ROW_HOUSE,L,1014300,,TRUE,220,8.5,1975,Wittnau,5064
4000315456,SINGLE_HOUSE,L,2337300,1901,TRUE,310,9,2000,Kyburg-Buchegg,4586
4000293349,SINGLE_HOUSE,L,1364160,412,TRUE,240,9,2009,Riva San Vitale,6826
4000271672,BIFAMILIAR_HOUSE,L,1161300,,FALSE,190,7.5,,Fribourg,1700
4000271670,BIFAMILIAR_HOUSE,L,1161300,,FALSE,190,7.5,,Fribourg,1700
4000242428,SINGLE_HOUSE,L,2572500,480,TRUE,250,8.5,1999,Erlinsbach,5018
4000226187,SINGLE_HOUSE,L,1896300,828,TRUE,350,9,2001,Brügg BE,2555
4000202098,BIFAMILIAR_HOUSE,L,2646000,773,TRUE,360,9.5,1985,Lausanne 26,1000
4000192352,ROW_HOUSE,L,1176000,186,,157,7.5,1967,Reinach BL,4153
4000164260,SINGLE_HOUSE,L,2058000,2263,,420,14,1898,Lampenberg,4432
4000133341,SINGLE_HOUSE,L,1102500,1469,,146,7.5,1970,Bolken,4556
3003465251,SINGLE_HOUSE,L,1896300,910,TRUE,220,,1981,Tobel-Tägerschen,9555
3003377674,SINGLE_HOUSE,L,1396500,1181,TRUE,290,11.5,1967,Sierre,3960
3002327821,SINGLE_HOUSE,L,2925300,965,,270,11,1989,Kreuzlingen,8280
3001845800,VILLA,L,5292000,1110,TRUE,510,11,2002,Stettfurt,9507
4000830780,BIFAMILIAR_HOUSE,L,2131500,530,TRUE,360,9.5,1978,St-Légier-La Chiésaz,1806
4000830776,BIFAMILIAR_HOUSE,L,3660300,686,TRUE,260,9.5,2001,Vandoeuvres,1253
4000830775,SINGLE_HOUSE,L,1617000,721,TRUE,160,8.5,1984,Thielle,2075
4000829822,BIFAMILIAR_HOUSE,L,1881600,302,TRUE,300,8.5,2004,Weesen,8872
4000829401,SINGLE_HOUSE,L,1455300,,TRUE,250,8.5,1964,Evilard,2533
4000829398,SINGLE_HOUSE,L,1315650,,FALSE,330,11.5,,Grenchen,2540
4000829396,SINGLE_HOUSE,L,1102500,,FALSE,330,9.5,1975,Vauffelin,2537
4000829393,ROW_HOUSE,L,1073100,,TRUE,180,8.5,,Lengnau BE,2543
4000828904,SINGLE_HOUSE,L,1315650,863,TRUE,160,5.5,2008,Büetigen,3263
4000827096,VILLA,L,8232000,,,730,11.5,,Muzzano,6933
4000826381,SINGLE_HOUSE,L,1911000,641,TRUE,170,7.5,1962,Porto Ronco,6613
4000825665,SINGLE_HOUSE,L,2190300,1018,,350,13.5,2013,Villars-Burquin,1423
4000825664,ROW_HOUSE,L,735000,255,,300,8.5,1991,Le Château-de-Ste-Croix,1450
4000825658,ROW_HOUSE,L,3601500,1152,,400,9.5,1987,Coppet,1296
4000825655,SINGLE_HOUSE,L,1896300,1107,,280,11,1890,Tenniken,4456
4000825654,SINGLE_HOUSE,L,1102500,848,,240,9.5,1978,Vionnaz,1895
4000824240,SINGLE_HOUSE,L,1896300,1040,FALSE,260,11.5,1970,Hinterkappelen,3032
4000821770,SINGLE_HOUSE,L,2190300,,TRUE,270,7.5,2020,Lavertezzo,6595
4000817643,ROW_HOUSE,L,1381800,304,TRUE,170,7.5,2012,Sirnach,8370
4000817642,SINGLE_HOUSE,L,1095150,440,TRUE,250,10,1908,Bettwiesen,9553
4000814463,SINGLE_HOUSE,L,2778300,636,FALSE,300,11.5,1915,Grosshöchstetten,3506
4000813707,SINGLE_HOUSE,L,0,1369,,290,9.5,1997,Ropraz,1088
4000813702,ROW_HOUSE,L,1174530,200,,500,9.5,1970,Bad Zurzach,5330
4000813700,SINGLE_HOUSE,L,4189500,420,TRUE,280,11.5,2023,Reinach BL,4153
4000813698,SINGLE_HOUSE,L,1234800,564,TRUE,260,13.5,1938,Niedergösgen,5013
4000813580,SINGLE_HOUSE,L,4704000,1610,TRUE,460,12.5,1977,Affoltern am Albis,8910
4000811637,SINGLE_HOUSE,L,1749300,525,,310,9.5,1833,Maggia,6673
4000811416,BIFAMILIAR_HOUSE,L,2205000,209,TRUE,220,9,1988,Schwyz,6430
4000810957,BIFAMILIAR_HOUSE,L,1989490,321,,200,8.5,2012,Birmenstorf AG,5413
4000810740,SINGLE_HOUSE,L,3160500,2046,TRUE,680,9.5,1981,Vilters,7324
4000808336,BIFAMILIAR_HOUSE,L,1793400,373,,250,11.5,2000,Rothrist,4852
4000808329,SINGLE_HOUSE,L,1396500,800,TRUE,180,7.5,2018,Nax,1973
4000808328,SINGLE_HOUSE,L,1911000,1218,,330,7.5,1988,Carrouge,1084
4000808327,SINGLE_HOUSE,L,1808100,870,TRUE,220,5.5,2009,Vuadens,1628
4000808325,SINGLE_HOUSE,L,4483500,717,,250,8.5,1927,Lausanne,1005
4000808324,SINGLE_HOUSE,L,2521050,542,,200,7.5,1997,Schönenbuch,4124
4000803113,ROW_HOUSE,L,2190300,350,TRUE,290,9.5,2021,Sullens,1036
4000802507,VILLA,L,3351600,768,TRUE,410,14,1860,Arnex-sur-Nyon,1277
4000802442,SINGLE_HOUSE,L,2182950,355,,180,7.5,2014,Reute AR,9411
4000802415,SINGLE_HOUSE,L,0,544,TRUE,161,7.5,1982,Altstätten SG,9450
4000802408,SINGLE_HOUSE,L,1462650,505,TRUE,230,7.5,1986,Walzenhausen,9428
4000802389,BIFAMILIAR_HOUSE,L,573300,678,FALSE,,7,1750,Reutigen,3647
4000835335,SINGLE_HOUSE,L,1653750,768,,360,9.5,1991,Vétroz,1963
4000798826,SINGLE_HOUSE,L,1749300,502,FALSE,240,11.5,1946,Luterbach,4542
4000798740,MULTIPLE_DWELLING,L,1392090,898,FALSE,,,1958,Erlenbach im Simmental,3762
4000797998,SINGLE_HOUSE,L,2307900,837,TRUE,350,7,2021,Les Paccots,1619
4000796448,ROW_HOUSE,L,2388750,172,,230,8.5,,Wiesendangen,8542
4000796447,ROW_HOUSE,L,2388750,,,,8.5,,Wiesendangen,8542
4000796432,SINGLE_HOUSE,L,0,606,,360,9.5,1960,Widnau,9443
4000796049,SINGLE_HOUSE,L,1837500,595,,220,9.5,1961,Herisau,9100
4000795707,BIFAMILIAR_HOUSE,L,1903650,367,TRUE,260,9.5,2023,Le Landeron,2525
4000792682,BIFAMILIAR_HOUSE,L,1323000,400,TRUE,270,8.5,1987,Port,2562
4000792678,SINGLE_HOUSE,L,2043300,925,,310,,1975,Gränichen,5722
4000788461,SINGLE_HOUSE,L,1793400,848,TRUE,180,7.5,1959,Brissago,6614
4000788211,SINGLE_HOUSE,L,1315650,1140,TRUE,470,11,1950,Le Bry,1645
4000788210,SINGLE_HOUSE,L,955500,96,TRUE,380,9,1935,Bouveret,1897
4000788208,SINGLE_HOUSE,L,1029000,530,TRUE,170,5.5,1953,Grenchen,2540
4000786472,SINGLE_HOUSE,L,2050650,890,TRUE,310,8.5,2018,Aproz (Nendaz),1994
4000782895,BIFAMILIAR_HOUSE,L,999600,624,,390,13,1902,Fleurier,2114
4000782894,SINGLE_HOUSE,L,1425900,795,,730,12.5,1988,Choëx,1871
4000782890,SINGLE_HOUSE,L,1764000,1431,TRUE,250,7.5,1970,Blonay,1807
4000782849,SINGLE_HOUSE,L,1749300,959,,220,9.5,2006,Sévaz,1541
4000782848,ROW_HOUSE,L,1506750,431,,290,9.5,1900,Lignerolle,1357
4000782370,SINGLE_HOUSE,L,1903650,465,,250,8.5,2023,Rietheim,5323
4000782088,CHALET,L,3087000,625,TRUE,330,8.5,2009,Chandolin,3961
4000781468,SINGLE_HOUSE,L,1528800,1021,TRUE,160,7.5,2023,Erlinsbach SO,5015
4000775436,MULTIPLE_DWELLING,L,0,1349,,380,15.5,1840,Aranno,6994
4000772575,SINGLE_HOUSE,L,1940400,330,TRUE,280,8.5,2001,Gordola,6596
4000771639,ROW_HOUSE,L,5292000,480,,160,7.5,1931,Zürich,8057
4000771486,SINGLE_HOUSE,L,1381800,733,TRUE,240,9.5,1973,Muhen,5037
4000771484,SINGLE_HOUSE,L,1587600,768,TRUE,220,9,1971,Gorgier,2023
4000771483,BIFAMILIAR_HOUSE,L,1719900,240,,220,7.5,2016,Yverdon-les-Bains,1400
4000769088,SINGLE_HOUSE,L,2638650,390,TRUE,230,9,1900,Bern,3013
4000767430,SINGLE_HOUSE,L,1609650,381,,330,13,1902,Neuchâtel,2000
4000767429,SINGLE_HOUSE,L,2043300,588,TRUE,330,8.5,2014,Marsens,1633
4000767428,SINGLE_HOUSE,L,1396500,,,390,,1957,Les Geneveys-sur-Coffrane,2206
4000767425,BIFAMILIAR_HOUSE,L,1837500,492,TRUE,240,9.5,2005,Matzingen,9548
4000762412,BIFAMILIAR_HOUSE,L,1543500,748,,280,7.5,2017,Sédeilles,1554
4000762331,SINGLE_HOUSE,L,1021650,323,TRUE,360,14,1880,Ollon VD,1867
4000762329,ROW_HOUSE,L,1102500,35,,250,8.5,1820,Provence,1428
4000755699,SINGLE_HOUSE,L,1749300,1636,,390,15,1954,Niederstocken,3632
4000755548,ROW_HOUSE,L,1631700,100,TRUE,180,7.5,2010,Perroy,1166
4000754928,VILLA,L,4336500,2208,TRUE,340,11.5,1930,Brione sopra Minusio,6645
4000754927,VILLA,L,2866500,1660,TRUE,340,11.5,1930,Brione sopra Minusio,6645
4000754706,VILLA,L,2322600,1298,TRUE,310,11.5,1990,Lodrino,6527
4000753590,VILLA,L,4851000,895,TRUE,800,17,1975,Brione sopra Minusio,6645
4000752711,SINGLE_HOUSE,L,0,538,TRUE,220,8.5,2008,Bettwiesen,9553
4000752710,SINGLE_HOUSE,L,1756650,1201,,190,8.5,1947,Steckborn,8266
4000752707,SINGLE_HOUSE,L,1837500,491,,240,8.5,1988,Basadingen,8254
4000746272,SINGLE_HOUSE,L,2587200,1071,,300,9.5,1969,Wohlen AG,5610
4000746268,ROW_HOUSE,L,1565550,260,TRUE,180,7.5,2019,Attalens,1616
4000746267,ROW_HOUSE,L,2785650,371,TRUE,240,8.5,1945,Cartigny,1236
4000746266,ROW_HOUSE,L,2425500,399,TRUE,290,8.5,2010,Penthaz,1303
4000746026,ROW_HOUSE,L,3275160,295,TRUE,350,11.5,1989,Volketswil,8604
4000744643,SINGLE_HOUSE,L,4630500,560,TRUE,350,11.5,2018,St-Légier-La Chiésaz,1806
4000744566,SINGLE_HOUSE,L,874650,461,TRUE,159,7.5,1957,Muhen,5037
4000744311,SINGLE_HOUSE,L,882000,398,,220,11,1779,Niederteufen,9052
4000743940,SINGLE_HOUSE,L,1837500,427,TRUE,240,11.5,1981,Bronschhofen,9552
4000743760,SINGLE_HOUSE,L,0,855,TRUE,,,2005,Ulrichen,3988
4000743737,SINGLE_HOUSE,L,1411200,598,,190,9.5,1980,Marbach SG,9437
4000741968,SINGLE_HOUSE,L,808500,809,TRUE,140,7.5,1900,Meiringen,3860
4000735392,SINGLE_HOUSE,L,1345050,729,TRUE,250,7.5,2000,Misery,1721
4000735389,SINGLE_HOUSE,L,1102500,1140,TRUE,290,9.5,2003,Court,2738
4000735110,SINGLE_HOUSE,L,1440600,234,TRUE,,8.5,1991,Brig,3900
4000734936,ROW_HOUSE,L,1462650,411,TRUE,220,7.5,1980,Lyss,3250
4000729622,SINGLE_HOUSE,L,1690500,650,TRUE,230,9.5,2014,Cremin,1526
4000729600,BIFAMILIAR_HOUSE,L,1256850,681,TRUE,200,8.5,1988,Halden,9223
4000725074,ROW_HOUSE,L,2043300,500,,230,9.5,1992,Penthalaz,1305
4000724031,SINGLE_HOUSE,L,1168650,3301,TRUE,310,11.5,1573,Oberbuchsiten,4625
4000722691,SINGLE_HOUSE,L,1065750,689,,340,9.5,1962,St-Léonard,1958
4000719604,SINGLE_HOUSE,L,1389150,180,TRUE,190,8.5,1994,Niederwil,5524
4000719456,SINGLE_HOUSE,L,1249500,912,,190,8.5,1960,Diepflingen,4442
4000719433,SINGLE_HOUSE,L,3381000,1554,,630,21,1930,Arzier-Le Muids,1273
4000719432,SINGLE_HOUSE,L,3895500,6600,TRUE,440,10,1958,La Chaux-de-Fonds,2300
4000719431,SINGLE_HOUSE,L,1161300,1100,,290,8.5,1986,Les Breuleux,2345
4000719429,BIFAMILIAR_HOUSE,L,2499000,758,,290,11,1850,Orpund,2552
4000717520,SINGLE_HOUSE,L,2778300,841,TRUE,470,11,1996,Berg,8572
4000714180,CHALET,L,2572500,1072,TRUE,310,9.5,2006,Haute-Nendaz,1997
4000714127,CHALET,L,5225850,760,TRUE,380,9.5,2023,Grimentz,3961
4000714120,SINGLE_HOUSE,L,2058000,5119,TRUE,760,17,1929,St-Jean VS,3961
4000714115,CHALET,L,2601900,452,TRUE,280,11,2004,St-Luc,3961
4000713474,FARM_HOUSE,L,1323000,2000,,290,13,1900,Riffenmatt,3156
4000713472,ROW_HOUSE,L,2205000,240,TRUE,260,8.5,1986,La Conversion,1093
4000713465,ROW_HOUSE,L,2778300,263,TRUE,260,9.5,2002,Collex,1239
4000713296,SINGLE_HOUSE,L,808500,624,TRUE,170,8.5,1957,Ufhusen,6153
4000712776,SINGLE_HOUSE,L,2631300,548,TRUE,220,8.5,1915,Frauenfeld,8500
4000710956,SINGLE_HOUSE,L,1264200,598,,190,11.5,1955,Niedergösgen,5013
4000710955,SINGLE_HOUSE,L,1264200,598,,190,11.5,1955,Niedergösgen,5013
4000710104,SINGLE_HOUSE,L,1543500,,TRUE,170,9.5,1994,Paspels,7417
4000707703,ROW_HOUSE,L,1734600,301,,200,8.5,1998,St. Gallenkappel,8735
4000703459,BIFAMILIAR_HOUSE,L,2910600,409,TRUE,250,9.5,1983,Ittigen,3063
4000700704,FARM_HOUSE,L,2131500,1876,,1000,8.5,1850,Cugy VD,1053
4000700698,SINGLE_HOUSE,L,2499000,405,TRUE,300,8.5,2010,Oberrohrdorf,5452
4000700697,SINGLE_HOUSE,L,2055060,503,TRUE,280,9.5,2023,Niederbipp,4704
4000700695,SINGLE_HOUSE,L,2910600,754,,190,11.5,1973,Glattfelden,8192
4000695798,ROW_HOUSE,L,1462650,141,,180,7.5,1998,Spreitenbach,8957
4000690900,SINGLE_HOUSE,L,1315650,133,TRUE,280,9.5,1993,Buch am Irchel,8414
4000687080,SINGLE_HOUSE,L,948150,605,TRUE,160,8.5,1964,Oberegg,9413
4000686930,SINGLE_HOUSE,L,1690500,574,,180,8.5,1990,Contra,6646
4000686760,BIFAMILIAR_HOUSE,L,1095150,276,TRUE,220,8.5,2008,Veltheim AG,5106
4000686759,SINGLE_HOUSE,L,1609650,1083,TRUE,290,15.5,1957,Reinach,5734
4000685569,SINGLE_HOUSE,L,1455300,946,,300,8.5,1990,Cugy FR,1482
4000685553,SINGLE_HOUSE,L,764400,997,,150,5.5,1976,La Sagne,2314
4000683755,CHALET,L,0,82,,,6,1894,Geschinen,3985
4000683570,SINGLE_HOUSE,L,1455300,437,TRUE,400,10,1850,Hemishofen,8261
4000680994,MULTIPLE_DWELLING,L,0,710,,,23,,Saxon,1907
4000680991,ROW_HOUSE,L,1102500,325,TRUE,170,7.5,1993,Fontaines,2046
4000676413,BIFAMILIAR_HOUSE,L,2704800,463,,240,9.5,2007,Buchs ZH,8107
4000675175,SINGLE_HOUSE,L,970200,625,TRUE,140,8.5,1974,Flumenthal,4534
4000671792,SINGLE_HOUSE,L,3528000,2427,TRUE,300,10,1972,Bettlach,2544
4000671789,ROW_HOUSE,L,2205000,156,,170,8.5,1994,Brunnen,6440
4000666517,FARM_HOUSE,L,867300,1633,TRUE,350,13,1880,Reconvilier,2732
4000666515,SINGLE_HOUSE,L,1815450,846,TRUE,250,9.5,2010,Grolley,1772
4000666514,CHALET,L,911400,1477,TRUE,140,7.5,1907,Les Posses-sur-Bex,1880
4000666509,SINGLE_HOUSE,L,1896300,880,TRUE,250,9.5,1974,Chesalles-sur-Oron,1608
4000666507,ROW_HOUSE,L,1087800,223,TRUE,300,9.5,1994,Full-Reuenthal,5324
4000666501,SINGLE_HOUSE,L,1734600,997,TRUE,280,9.5,1979,Neyruz,1740
4000666500,MULTIPLE_DWELLING,L,1080450,308,,,14,1902,Les Ponts-de-Martel,2316
4000660060,BIFAMILIAR_HOUSE,L,1440600,465,TRUE,190,8.5,1972,Villmergen,5612
4000660059,SINGLE_HOUSE,L,1543500,845,TRUE,360,9.5,1993,La Tzoumaz,1918
4000660058,SINGLE_HOUSE,L,1793400,1042,TRUE,380,8.5,1998,Courtaman,1791
4000656361,SINGLE_HOUSE,L,1161300,1101,TRUE,280,12.5,1947,Welschenrohr,4716
4000656358,CHALET,L,999600,1152,,172,7.5,2009,Chamoson,1955
4000655543,BIFAMILIAR_HOUSE,L,1440600,234,TRUE,,8.5,1991,Glis,3902
4000653681,SINGLE_HOUSE,L,880530,144,TRUE,140,7.5,1830,Rikon im Tösstal,8486
4000651587,CHALET,L,2043300,1002,TRUE,330,10,1981,Les Diablerets,1865
4000645054,SINGLE_HOUSE,L,0,616,,350,11.5,1988,Pfyn,8505
4000644512,ROW_HOUSE,L,1440600,245,TRUE,220,8.5,1992,Frauenfeld,8500
4000644495,SINGLE_HOUSE,L,727650,1193,TRUE,400,13,1947,Rebeuvelier,2832
4000644490,MULTIPLE_DWELLING,L,2175600,630,TRUE,,15,1911,Les Avants,1833
4000644489,SINGLE_HOUSE,L,2572500,680,TRUE,290,8.5,1937,Bussigny,1030
4000644488,SINGLE_HOUSE,L,0,2239,,170,7,1948,Birrwil,5708
4000639040,CHALET,L,5145000,916,,360,7,2012,Crans-Montana,3963
4000639039,SINGLE_HOUSE,L,3616200,1703,,380,10,2004,Sion,1950
4000639024,SINGLE_HOUSE,L,0,796,,360,11.5,2009,Hombrechtikon,8634
4000638386,SINGLE_HOUSE,L,2021250,1896,TRUE,390,10,1900,Intragna,6655
4000634266,SINGLE_HOUSE,L,1440600,920,TRUE,290,13,1930,Oberaach,8587
4000633235,CHALET,L,1639050,1000,TRUE,380,9.5,2007,Nax,1973
4000633201,SINGLE_HOUSE,L,1536150,468,TRUE,180,9,1948,Neuchâtel,2000
4000621672,SINGLE_HOUSE,L,1528800,974,TRUE,310,13,1990,Muraz (Collombey),1893
4000618201,SINGLE_HOUSE,L,852600,1749,,1100,17,1902,Les Verrières,2126
4000618199,SINGLE_HOUSE,L,1683150,296,TRUE,220,11.5,2006,Abtwil SG,9030
4000613138,SINGLE_HOUSE,L,1756650,740,TRUE,360,8.5,2008,Sitterdorf,8589
4000599001,SINGLE_HOUSE,L,808500,452,TRUE,270,7,1885,Cugnasco,6516
4000598402,MULTIPLE_DWELLING,L,1440420,370,,290,11,1900,Schleitheim,8226
4000594803,SINGLE_HOUSE,L,2381400,1403,,270,7,1980,Röschenz,4244
4000594802,BIFAMILIAR_HOUSE,L,1396500,518,TRUE,340,8.5,2002,Massonnens,1692
4000594800,SINGLE_HOUSE,L,2028600,853,TRUE,300,9.5,1949,Villars-sur-Glâne,1752
4000594790,SINGLE_HOUSE,L,1977150,420,,200,8.5,2022,Nenzlingen,4224
4000591994,SINGLE_HOUSE,L,1467060,429,,172,7.5,,Wohlen AG,5610
4000589564,SINGLE_HOUSE,L,3513300,1454,TRUE,600,9,2010,Savièse,1965
4000589082,SINGLE_HOUSE,L,2337300,768,TRUE,290,9.5,2002,Buchs SG,9470
4000586871,SINGLE_HOUSE,L,1536150,840,TRUE,360,10,2004,Dorénaz,1905
4000573149,ROW_HOUSE,L,1881600,340,TRUE,170,7.5,1973,Ebmatingen,8123
4000573134,SINGLE_HOUSE,L,2925300,759,,300,9.5,1979,Münchenstein,4142
4000545639,SINGLE_HOUSE,L,1300950,256,TRUE,200,9.5,1987,Remigen,5236
4000545638,SINGLE_HOUSE,L,1896300,859,TRUE,270,9.5,1986,Nusshof,4453
4000542554,SINGLE_HOUSE,L,2175600,,TRUE,300,9.5,1937,Apples,1143
4000542553,ROW_HOUSE,L,1543500,510,TRUE,200,7.5,1972,Wil SG,9500
4000540750,SINGLE_HOUSE,L,2175600,3618,,290,8.5,1978,Bôle,2014
4000536375,SINGLE_HOUSE,L,3160500,791,,550,14,1870,Wetzikon ZH,8620
4000530856,SINGLE_HOUSE,L,764400,873,TRUE,510,12.5,1964,Courgenay,2950
4000529443,SINGLE_HOUSE,L,2866500,327,TRUE,200,8.5,1929,Muralto,6600
4000525788,SINGLE_HOUSE,L,845250,171,TRUE,140,5.5,1800,Zwingen,4222
4000513762,MULTIPLE_DWELLING,L,2778300,343,TRUE,870,44,1900,Avenches,1580
4000506918,MULTIPLE_DWELLING,L,3748500,1312,,,,2011,Martigny,1920
4000506916,SINGLE_HOUSE,L,3601500,1586,TRUE,400,11,2012,Gelfingen,6284
4000502737,SINGLE_HOUSE,L,2425500,1040,,500,11,1971,Grandson,1422
4000502735,SINGLE_HOUSE,L,2131500,588,,460,12.5,2019,Härkingen,4624
4000497573,SINGLE_HOUSE,L,1102500,647,TRUE,430,17,1953,Cortébert,2607
4000497567,SINGLE_HOUSE,L,2352000,1350,TRUE,360,11,1991,Montezillon,2037
4000495998,SINGLE_HOUSE,L,2484300,855,TRUE,340,14,1958,Kirchdorf BE,3116
4000490442,MULTIPLE_DWELLING,L,4821600,,,,,1911,Yverdon-les-Bains,1400
4000485708,SINGLE_HOUSE,L,2043300,719,,240,,1952,Lamboing,2516
4000485696,SINGLE_HOUSE,L,3087000,782,,350,15.5,1987,Udligenswil,6044
4000485360,SINGLE_HOUSE,L,801150,528,TRUE,170,7.5,1945,Murg SG,8877
4000480693,BIFAMILIAR_HOUSE,L,1756650,497,TRUE,270,10,1952,Arbon,9320
4000480689,SINGLE_HOUSE,L,1315650,485,,360,10,1880,Grandson,1422
4000470327,BIFAMILIAR_HOUSE,L,4387950,286,TRUE,260,9.5,1926,Zürich,8037
4000469954,SINGLE_HOUSE,L,1734600,584,,240,9.5,1770,Gundetswil,8543
4000469945,SINGLE_HOUSE,L,1227450,276,,270,8.5,1850,Eptingen,4458
4000465483,MULTIPLE_DWELLING,L,1984500,,TRUE,,,1950,Sierre,3960
4000464329,SINGLE_HOUSE,L,2572500,564,TRUE,240,9.5,2005,Kefikon ZH,8543
4000459580,ROW_HOUSE,L,1675800,466,TRUE,240,9.5,1987,Yverdon-les-Bains,1400
4000454185,SINGLE_HOUSE,L,1248030,794,TRUE,330,9.5,1988,Moutier,2740
4000451368,VILLA,L,5586000,877,,760,9.5,1980,Montagnola,6926
4000449382,SINGLE_HOUSE,L,1058400,549,TRUE,180,9.5,1969,Aegerten,2558
4000438888,SINGLE_HOUSE,L,1320060,791,TRUE,310,9.5,1924,Tramelan,2720
4000438887,SINGLE_HOUSE,L,1749300,1731,,330,15,1905,Chavannes-le-Chêne,1464
4000438884,MULTIPLE_DWELLING,L,1602300,,,,,1721,Fleurier,2114
4000434279,ROW_HOUSE,L,470400,436,TRUE,300,9.5,1958,Orsières,1937
4000434277,ROW_HOUSE,L,2932650,332,TRUE,300,8.5,2003,Onex,1213
4000433984,BIFAMILIAR_HOUSE,L,1173060,333,FALSE,163,7.5,1932,Bern,3027
4000432248,VILLA,L,1822800,797,TRUE,250,8.5,1987,Venthône,3973
4000425189,CHALET,L,2043300,1574,TRUE,270,8.5,1957,Arzier-Le Muids,1273
4000420415,SINGLE_HOUSE,L,1793400,1307,TRUE,290,8.5,2005,Bonvillars,1427
4000419424,ROW_HOUSE,L,732060,232,FALSE,172,6,1953,Grenchen,2540
4000417592,SINGLE_HOUSE,L,1102500,1088,TRUE,300,13,1904,Hindelbank,3324
4000412288,CHALET,L,1264200,542,TRUE,220,8.5,1979,Pringy,1663
4000411780,SINGLE_HOUSE,L,2778300,681,,470,8.5,1794,Turbenthal,8488
4000407595,SINGLE_HOUSE,L,2043300,722,,320,8.5,1958,Flumserberg Portels,8895
4000403119,SINGLE_HOUSE,L,0,446,TRUE,220,9.5,1990,Vairano,6575
4000399960,BIFAMILIAR_HOUSE,L,1205400,574,TRUE,240,8.5,1994,Walterswil,5746
4000391837,TERRACE_HOUSE,L,2572500,140,TRUE,250,7.5,2010,Allschwil,4123
4000389863,SINGLE_HOUSE,L,1389150,846,TRUE,340,11,1975,Dittingen,4243
4000381991,SINGLE_HOUSE,L,1168650,750,TRUE,150,7.5,1973,Schwarzsee,1716
4000380434,BIFAMILIAR_HOUSE,L,727650,206,TRUE,190,7.5,1780,Titterten,4425
4000373663,VILLA,L,1756650,,TRUE,230,8.5,1983,Conthey,1964
4000373600,BIFAMILIAR_HOUSE,L,1786050,512,,300,11.5,1983,Liestal,4410
4000369245,SINGLE_HOUSE,L,3160500,859,TRUE,370,10,1979,Grenchen,2540
4000362676,FARM_HOUSE,L,2631300,5858,,340,10,1877,Mattstetten,3322
4000362612,MULTIPLE_DWELLING,L,1161300,,,,,1990,Champlan (Grimisuat),1971
4000362609,SINGLE_HOUSE,L,720300,894,TRUE,220,6,1901,Villeret,2613
4000356685,SINGLE_HOUSE,L,0,912,TRUE,230,10,1868,Laupersdorf,4712
4000345133,SINGLE_HOUSE,L,1764000,1961,TRUE,880,8.5,1851,Brenles,1683
4000343385,VILLA,L,1727250,1049,,230,9.5,1985,Le Locle,2400
4000315452,BIFAMILIAR_HOUSE,L,1455300,3806,TRUE,440,15.5,1890,Champ-du-Moulin,2149
4000310933,SINGLE_HOUSE,L,1249500,957,TRUE,320,9,1986,Le Pâquier NE,2058
4000303671,ROW_HOUSE,L,1756650,294,,220,11.5,1986,Reinach BL,4153
4000299991,SINGLE_HOUSE,L,3373650,2767,TRUE,230,8.5,1978,Kriens,6010
4000299990,SINGLE_HOUSE,L,2058000,1070,TRUE,300,11.5,2005,Cressier FR,1785
4000299684,BIFAMILIAR_HOUSE,L,1396500,555,TRUE,330,7.5,2018,Cudrefin,1588
4000288558,SINGLE_HOUSE,L,1051050,561,TRUE,290,9.5,1900,Mont-Soleil,2610
4000288554,SINGLE_HOUSE,L,1058400,192,TRUE,300,7.5,1911,Vétroz,1963
4000285228,SINGLE_HOUSE,L,1102500,426,TRUE,220,10,1899,Gachg,8547
4000281669,SINGLE_HOUSE,L,1881600,787,TRUE,250,8.5,2007,Fully,1926
4000272652,SINGLE_HOUSE,L,3336900,1759,TRUE,420,11.5,1983,Caviano,6578
4000252796,SINGLE_HOUSE,L,10272360,1447,TRUE,580,13.5,1962,La Conversion,1093
4000236005,SINGLE_HOUSE,L,1176000,1389,TRUE,440,11,1970,Chamoson,1955
4000230872,SINGLE_HOUSE,L,3954300,2270,,520,9.5,1974,Eclépens,1312
4000230866,SINGLE_HOUSE,L,514500,3604,TRUE,105,5,1971,La Côte-aux-Fées,2117
4000229073,SINGLE_HOUSE,L,0,841,TRUE,470,11,1996,Berg,8572
4000229070,SINGLE_HOUSE,L,1602300,241,TRUE,200,8.5,1984,Kreuzlingen,8280
4000226186,SINGLE_HOUSE,L,1381800,1294,TRUE,320,8.5,1980,Monthey,1870
4000226180,SINGLE_HOUSE,L,2631300,1202,TRUE,290,9.5,1974,Bussigny,1030
4000212869,SINGLE_HOUSE,L,1881600,1349,TRUE,550,8.5,1985,Belprahon,2744
4000207714,FARM_HOUSE,L,3307500,2156,,280,14,1949,Russikon,8332
4000197149,SINGLE_HOUSE,L,2352000,1500,TRUE,310,8.5,1974,Sullens,1036
4000196168,SINGLE_HOUSE,L,1161300,3627,TRUE,170,8.5,1994,Gümmenen,3205
4000194950,BIFAMILIAR_HOUSE,L,1249500,392,TRUE,180,9.5,1948,Hinwil,8340
4000180886,SINGLE_HOUSE,L,5806500,1139,,500,11,2000,Wetzikon ZH,8620
4000173127,SINGLE_HOUSE,L,1174200,369,,200,8.5,2018,Schleitheim,8226
4000172959,FARM_HOUSE,L,580650,655,FALSE,140,7.5,1866,Mülchi,3317
4000164259,SINGLE_HOUSE,L,2932650,829,,470,9.5,1991,Effingen,5078
4000159547,SINGLE_HOUSE,L,720300,938,TRUE,490,10,1850,Fontenais,2902
4000154675,ROW_HOUSE,L,1411200,246,,170,8.5,1972,Dürnten,8635
4000152270,SINGLE_HOUSE,L,1749300,1226,,330,8.5,1985,Montagny-près-Yverdon,1442
4000148357,SINGLE_HOUSE,L,1631700,184,TRUE,330,11.5,1900,Maienfeld,7304
4000124728,SINGLE_HOUSE,L,1690500,440,TRUE,180,8.5,1985,Frenkendorf,4402
4000121902,ROW_HOUSE,L,879060,345,FALSE,163,7.5,1955,Solothurn,4500
4000121900,ROW_HOUSE,L,937860,345,FALSE,170,8.5,1955,Solothurn,4500
4000121729,SINGLE_HOUSE,L,2131500,800,TRUE,360,8.5,2013,Leysin,1854
4000120009,SINGLE_HOUSE,L,0,380,,220,9.5,1999,Othmarsingen,5504
4000116976,SINGLE_HOUSE,L,1749300,621,,190,8.5,2009,Triengen,6234
4000115326,BIFAMILIAR_HOUSE,L,1161300,209,,350,14,1750,Gelterkinden,4460
4000115320,MULTIPLE_DWELLING,L,1440600,,,,,1900,La Chaux-de-Fonds,2300
4000112071,SINGLE_HOUSE,L,1352400,1018,TRUE,250,9.5,1990,Praz-de-Fort,1943
4000109349,SINGLE_HOUSE,L,1249500,175,TRUE,190,8.5,1994,Bözberg,5225
4000106261,BIFAMILIAR_HOUSE,L,1690500,480,,220,9.5,1998,Dintikon,5606
4000106260,SINGLE_HOUSE,L,2866500,941,,230,9.5,1804,Volketswil,8604
4000101654,SINGLE_HOUSE,L,1615530,649,FALSE,330,8.5,1999,Zielebach,4564
4000098239,SINGLE_HOUSE,L,1220100,762,TRUE,220,7.5,2013,Neirivue,1669
4000098228,SINGLE_HOUSE,L,1499400,999,TRUE,300,9.5,1960,Troistorrents,1872
4000093179,SINGLE_HOUSE,L,1690500,817,TRUE,200,8.5,1923,Obernau,6012
4000088994,SINGLE_HOUSE,L,1602300,530,TRUE,300,8.5,2004,Gletterens,1544
4000088036,CHALET,L,2719500,1195,TRUE,440,11.5,2011,Les Paccots,1619
4000085497,SINGLE_HOUSE,L,1168650,148,TRUE,170,7.5,1825,Wald,8636
3003541946,SINGLE_HOUSE,L,0,719,TRUE,290,9,1979,Büetigen,3263
3003536428,CHALET,L,1440600,1113,TRUE,200,7,1980,St-Jean VS,3961
3003533153,ROW_HOUSE,L,2572500,231,TRUE,250,9.5,1926,Riehen,4125
3003487738,BIFAMILIAR_HOUSE,L,2866500,3011,TRUE,400,14,1794,Jonen,8916
3003485590,SINGLE_HOUSE,L,2278500,1111,TRUE,340,14,1958,Leysin,1854
3003480510,MULTIPLE_DWELLING,L,0,516,,,22,1902,Boudry,2017
3003470352,VILLA,L,1727250,1019,TRUE,310,6,2006,Collombey,1868
3003465343,MULTIPLE_DWELLING,L,6027000,,,,,1920,Blonay,1807
3003450768,SINGLE_HOUSE,L,1837500,2275,TRUE,400,9.5,1967,Fleurier,2114
3003447880,SINGLE_HOUSE,L,0,304,TRUE,310,,1966,Ulrichen,3988
3003444344,ROW_HOUSE,L,1323000,451,,290,7.5,1989,Chavornay,1373
3003440806,SINGLE_HOUSE,L,1058400,782,TRUE,220,9,1881,Lützelflüh-Goldbach,3432
3003440738,ROW_HOUSE,L,764400,210,FALSE,170,8.5,1919,Charmoille,2947
3003436465,ROW_HOUSE,L,1198050,581,TRUE,290,7.5,1987,Savièse,1965
3003431792,ROW_HOUSE,L,1690500,53,,140,7,1985,Russin,1281
3003431791,BIFAMILIAR_HOUSE,L,2175600,243,,230,8.5,2002,Wettingen,5430
3003427817,SINGLE_HOUSE,L,2778300,2000,FALSE,,9.5,1975,Payerne,1530
3003401524,BIFAMILIAR_HOUSE,L,940800,1109,TRUE,580,13,1982,Courtemaîche,2923
3003367877,BIFAMILIAR_HOUSE,L,1984500,358,,170,8.5,1980,Oberwil BL,4104
3003356014,SINGLE_HOUSE,L,1668450,701,TRUE,220,8.5,2013,Läufelfingen,4448
3003342310,RUSTIC_HOUSE,L,364560,1043,,,6,,Monte Carasso,6513
3003312801,SINGLE_HOUSE,L,1102500,488,TRUE,190,9.5,1964,Spiez,3700
3003281785,MULTIPLE_DWELLING,L,3307500,,,,,1908,Le Locle,2400
3003278937,ROW_HOUSE,L,573300,65,,250,7.5,1980,Sierre,3960
3003268382,ROW_HOUSE,L,1315650,318,,310,12.5,1785,Zell ZH,8487
3003259042,SINGLE_HOUSE,L,5512500,6420,TRUE,460,9.5,1962,Blonay,1807
3003226278,SINGLE_HOUSE,L,1455300,700,TRUE,300,12.5,1970,Gelterfingen,3126
3003216839,SINGLE_HOUSE,L,1102500,479,TRUE,250,10,1937,Gümmenen,3205
3003212798,SINGLE_HOUSE,L,1462650,789,,170,8.5,1879,Trimbach,4632
3003132828,SINGLE_HOUSE,L,2322600,714,TRUE,290,14,1965,Steffisburg,3612
3003119016,CHALET,L,1455300,1080,TRUE,140,7.5,1935,Villard-sur-Chamby,1832
3003119015,SINGLE_HOUSE,L,2646000,800,TRUE,240,8.5,1986,Montreux,1820
3003101122,BIFAMILIAR_HOUSE,L,1102500,380,TRUE,150,5.5,1998,Amriswil,8580
3003087452,ROW_HOUSE,L,2043300,144,TRUE,210,9,1973,Laconnex,1287
3003078453,SINGLE_HOUSE,L,1602300,507,TRUE,250,11,1971,Biberist,4562
3003070801,SINGLE_HOUSE,L,2910600,1409,TRUE,720,17.5,2019,Linthal,8783
3003070476,SINGLE_HOUSE,L,3807300,1307,TRUE,640,13,2006,Fully,1926
3003049000,MULTIPLE_DWELLING,L,1896300,328,,,26,1897,Schönenwerd,5012
3003014788,MULTIPLE_DWELLING,L,2719500,,,,,1920,Menziken,5737
3003000612,SINGLE_HOUSE,L,1543500,1119,TRUE,310,9.5,2011,Porrentruy,2900
3002979805,SINGLE_HOUSE,L,1602300,953,,250,7.5,1931,Grandson,1422
3002972213,SINGLE_HOUSE,L,2043300,1000,TRUE,270,8.5,2007,Essertes,1078
3002935658,SINGLE_HOUSE,L,0,678,TRUE,,11.5,2001,Spiez,3700
3002934422,VILLA,L,4704000,600,,380,11,2004,Breganzona,6932
3002901281,ROW_HOUSE,L,2050650,193,,440,11.5,1880,Montagny-près-Yverdon,1442
3002876390,SINGLE_HOUSE,L,940800,1367,TRUE,1100,14,1947,Liddes,1945
3002792515,SINGLE_HOUSE,L,2557800,783,TRUE,220,12.5,1861,Sorens,1642
3002766349,MULTIPLE_DWELLING,L,1308300,621,TRUE,490,14,1900,Sugiez,1786
3002766278,ROW_HOUSE,L,1308300,621,TRUE,490,14,1900,Sugiez,1786
3002674338,MULTIPLE_DWELLING,L,10275300,,,,,1975,Dombresson,2056
3002674328,SINGLE_HOUSE,L,2425500,492,,960,9.5,1700,St-Légier-La Chiésaz,1806
3002674255,MULTIPLE_DWELLING,L,2425500,,,,,1825,Combremont-le-Petit,1536
3002674248,MULTIPLE_DWELLING,L,4410000,,,,,1400,Bad Zurzach,5330
3002674143,SINGLE_HOUSE,L,3234000,918,TRUE,600,11.5,2004,Savièse,1965
3002674129,SINGLE_HOUSE,L,1690500,533,TRUE,330,12.5,2005,Walperswil,3272
3002674128,SINGLE_HOUSE,L,2197650,949,,280,9.5,2013,Villars-Mendraz,1061
3002674058,MULTIPLE_DWELLING,L,3748500,,,,,1920,Porrentruy,2900
3002674023,MULTIPLE_DWELLING,L,5872650,2,,,,1905,Schlierbach,6231
3002673995,ROW_HOUSE,L,948150,,TRUE,220,7.5,1992,Savièse,1965
3001279744,SINGLE_HOUSE,L,2271150,240,,300,8.5,2020,Thierachern,3634
4000833088,VILLA,L,2190300,1034,FALSE,260,9.5,1947,Evilard,2533
4000830781,SINGLE_HOUSE,L,1277430,552,,220,8.5,1972,Erlinsbach SO,5015
4000829403,SINGLE_HOUSE,L,1617000,636,FALSE,230,8.5,,Pieterlen,2542
4000829400,BIFAMILIAR_HOUSE,L,1352400,456,FALSE,170,8.5,1946,Biel/Bienne,2502
4000828895,SINGLE_HOUSE,M,0,697,,140,8.5,1951,Sevelen,9475
4000828620,ROW_HOUSE,L,,209,TRUE,420,10,1990,Wangen b. Olten,4612
4000828611,SINGLE_HOUSE,M,1318590,913,FALSE,190,8.5,1988,Trimbach,4632
4000819611,SINGLE_HOUSE,M,0,912,TRUE,390,9.5,1984,Kehrsatz,3122
4000811059,SINGLE_HOUSE,M,1014300,633,TRUE,180,9.5,1987,Flums,8890
4000803135,MULTIPLE_DWELLING,L,2337300,501,TRUE,400,15,1918,Freienstein,8427
4000803134,SINGLE_HOUSE,L,2337300,501,TRUE,400,15,1918,Freienstein,8427
4000802465,FARM_HOUSE,L,2425500,843,TRUE,350,7.5,1840,Attikon,8544
4000802404,BIFAMILIAR_HOUSE,L,1174530,172,TRUE,180,9.5,1996,Diepoldsau,9444
4000801905,BIFAMILIAR_HOUSE,L,1536150,288,TRUE,190,7.5,1985,St. Gallen,9000
4000801339,BIFAMILIAR_HOUSE,L,1756650,1368,,280,9.5,1900,Rüthi (Rheintal),9464
4000799409,SINGLE_HOUSE,M,2638650,90,,220,11.5,1739,Horgen,8810
4000795072,VILLA,L,1834560,1540,TRUE,330,13,1951,Sierre,3960
4000783343,SINGLE_HOUSE,L,1492050,233,,,8.5,2024,Altishausen,8573
4000783341,SINGLE_HOUSE,L,1727250,332,,,9.5,2024,Altishausen,8573
4000783339,SINGLE_HOUSE,L,1786050,282,,,9.5,2024,Altishausen,8573
4000783337,MULTIPLE_DWELLING,L,2058000,596,,,,,Sommeri,8580
4000783336,SINGLE_HOUSE,L,2043300,704,,,7.5,2023,Wuppenau,9514
4000783333,SINGLE_HOUSE,L,1999200,557,,,9.5,2023,Wuppenau,9514
4000782594,TERRACE_HOUSE,L,955500,765,TRUE,140,8.5,1994,Oensingen,4702
4000781433,SINGLE_HOUSE,L,3087000,1728,,380,9.5,2016,Trogen,9043
4000780239,SINGLE_HOUSE,L,2587200,310,,280,9.5,2005,Lufingen,8426
4000779701,SINGLE_HOUSE,L,1690500,,TRUE,250,,1983,Altstätten SG,9450
4000771479,SINGLE_HOUSE,M,1734600,120,TRUE,230,7.5,2017,Grüsch,7214
4000768009,ROW_HOUSE,M,1205400,241,TRUE,180,8.5,1972,Hindelbank,3324
4000757460,ROW_HOUSE,L,2241750,157,TRUE,330,8.5,1568,Le Landeron,2525
4000755581,RUSTICO,L,1558200,19961,TRUE,190,8.5,,Palagnedra,6657
4000755579,VILLA,L,3087000,606,FALSE,310,8.5,1995,Gordola,6596
4000755433,CHALET,L,1455300,,TRUE,,11.5,2000,Unterbäch VS,3944
4000740680,BIFAMILIAR_HOUSE,M,0,307,,300,12.5,1998,Rorbas,8427
4000735622,SINGLE_HOUSE,L,1808100,624,,,9.5,2023,Wuppenau,9514
4000732464,BIFAMILIAR_HOUSE,L,1161120,396,,170,9.5,1947,Schaffhausen,8200
4000730430,SINGLE_HOUSE,M,1521450,617,TRUE,180,8.5,1971,Derendingen,4552
4000722687,SINGLE_HOUSE,L,1690500,549,,170,8.5,1967,Höri,8181
4000713478,ROW_HOUSE,L,1058400,254,,250,7.5,1865,Ollon VD,1867
4000712805,SINGLE_HOUSE,L,1543500,,,180,8.5,2004,Ipsach,2563
4000712437,BIFAMILIAR_HOUSE,L,1264020,442,TRUE,190,9.5,1947,Schaffhausen,8200
4000711371,ROW_HOUSE,L,867120,180,,160,8.5,1932,Schaffhausen,8200
4000706631,VILLA,M,3185490,984,TRUE,290,9.5,1959,Weggis,6353
4000720933,SINGLE_HOUSE,L,1440600,677,TRUE,320,13,,Brugg,5200
3002802325,MULTIPLE_DWELLING,L,2638650,,TRUE,,,,Biel/Bienne,2502
3002527999,SINGLE_HOUSE,L,8599500,1000,TRUE,620,16.5,1994,Grindelwald,3818
4000816400,SINGLE_HOUSE,L,3675000,1200,,360,9.5,2024,Staad SG,9422
3003447880,SINGLE_HOUSE,S,0,304,TRUE,310,,1966,Ulrichen,3988
4000719161,ROW_HOUSE,L,1146600,,,180,9,1984,Mülligen,5243
4000704784,BIFAMILIAR_HOUSE,L,1425900,344,TRUE,280,13,1975,Studen BE,2557
4000699225,SINGLE_HOUSE,L,1168650,715,TRUE,300,9.5,1929,Huttwil,4950
4000683171,BIFAMILIAR_HOUSE,L,4336500,403,TRUE,430,8.5,1989,Egg b. Zürich,8132
4000672443,BIFAMILIAR_HOUSE,L,1543500,361,TRUE,220,8.5,2003,Muolen,9313
4000666177,SINGLE_HOUSE,L,2168250,258,TRUE,190,8.5,2023,Konolfingen,3510
4000645194,SINGLE_HOUSE,M,3763200,1986,TRUE,560,,1830,Nusshof,4453
4000616724,SINGLE_HOUSE,L,1536150,880,,200,7,2001,Fétigny,1532
4000615639,SINGLE_HOUSE,L,0,684,,240,11,1899,Steckborn,8266
4000568178,MULTIPLE_DWELLING,L,3307500,,,,,1966,Ramsen,8262
4000563553,SINGLE_HOUSE,L,1609650,734,,230,8.5,1996,Payerne,1530
4000542556,SINGLE_HOUSE,L,1014300,601,,250,11,1903,Le Locle,2400
4000542555,BIFAMILIAR_HOUSE,L,2050650,554,TRUE,240,7.5,2023,Les Cullayes,1080
4000487294,SINGLE_HOUSE,L,2587200,,,510,12.5,1993,Vacallo,6833
4000444538,SINGLE_HOUSE,L,1029000,744,,160,8.5,2003,Chamoson,1955