Date,Open,High,Low,Close,Adj Close,Volume
8/28/00,4.65,4.87,4.63,4.835,4.835,60854
9/4/00,4.85,5.11,4.84,4.88,4.88,130270
9/11/00,4.91,5.34,4.9,5.205,5.205,195056
9/18/00,5.11,5.385,5.08,5.131,5.131,189676
9/25/00,5.1,5.445,5.09,5.2,5.2,211406
10/2/00,5.3,5.38,4.98,5,5,169826
10/9/00,5.07,5.84,5.015,5.535,5.535,139925
10/16/00,5.55,5.55,4.86,4.937,4.937,177538
10/23/00,4.94,5.12,4.5,4.53,4.53,181764
10/30/00,4.61,4.975,4.38,4.91,4.91,210047
11/6/00,4.95,5.55,4.8,5.46,5.46,201918
11/13/00,5.65,6.32,5.61,6.12,6.12,261019
11/20/00,6.25,6.62,6.21,6.577,6.577,67978
11/27/00,6.41,6.821,5.9,6.675,6.675,201848
12/4/00,7.24,9,7.2,8.585,8.585,142449
12/11/00,9.6,9.65,7.3,8.4,8.4,105036
12/18/00,9.2,9.95,8.37,9.579,9.579,85586
12/25/00,10,10.2,8.8,9.775,9.775,54824
1/1/01,8.65,9.45,8.1,9.25,9.25,73656
1/8/01,9.7,9.89,8.2,8.472,8.472,99699
1/15/01,8.12,8.25,6.8,7.48,7.48,86613
1/22/01,7.7,7.77,6.78,7.28,7.28,116829
1/29/01,6.8,6.97,5.65,6.743,6.743,137890
2/5/01,6.2,6.75,5.61,6.21,6.21,115512
2/12/01,5.85,6.09,5.43,5.568,5.568,115182
2/19/01,5.35,5.42,5.06,5.15,5.15,98350
2/26/01,5.1,5.4,4.93,5.275,5.275,98647
3/5/01,5.39,5.43,5.05,5.08,5.08,93818
3/12/01,5.03,5.18,4.86,5.03,5.03,83410
3/19/01,5.1,5.34,5,5.27,5.27,129040
3/26/01,5.26,5.71,5.01,5.03,5.03,124643
4/2/01,4.95,5.49,4.92,5.388,5.388,132410
4/9/01,5.47,5.62,5.3,5.381,5.381,92134
4/16/01,5.51,5.565,5,5.128,5.128,133063
4/23/01,5.11,5.19,4.85,4.867,4.867,159711
4/30/01,4.775,4.81,4.415,4.49,4.49,141705
5/7/01,4.41,4.459,4.145,4.278,4.278,161455
5/14/01,4.36,4.7,4.155,4.291,4.291,180192
5/21/01,4.2,4.26,3.95,3.973,3.973,155323
5/28/01,3.89,4.075,3.67,3.93,3.93,154440
6/4/01,4.06,4.179,3.725,3.922,3.922,153267
6/11/01,3.98,4.44,3.92,3.979,3.979,192378
6/18/01,3.95,4.15,3.64,3.742,3.742,165782
6/25/01,3.63,3.7,3.05,3.096,3.096,180598
7/2/01,3.06,3.29,3.003,3.235,3.235,69810
7/9/01,3.17,3.45,3.13,3.25,3.25,160976
7/16/01,3.145,3.22,2.881,2.955,2.955,153695
7/23/01,2.98,3.36,2.905,3.167,3.167,177731
7/30/01,3.245,3.425,2.94,2.971,2.971,158527
8/6/01,3.01,3.25,2.92,3.04,3.04,102580
8/13/01,2.995,3.61,2.955,3.303,3.303,183971
8/20/01,3.18,3.22,2.7,2.706,2.706,142765
8/27/01,2.605,2.64,2.25,2.38,2.38,134898
9/3/01,2.28,2.53,2.255,2.5,2.5,85324
9/10/01,2.48,2.72,2.37,2.552,2.552,0
9/17/01,2.552,2.44,2.03,2.103,2.103,58447
9/24/01,2,2.3,1.76,2.244,2.244,42750
10/1/01,2.18,2.48,2.14,2.227,2.227,130731
10/8/01,2.33,2.58,2.22,2.43,2.43,155872
10/15/01,2.36,2.72,2.33,2.681,2.681,189227
10/22/01,2.74,3.1,2.61,3.041,3.041,208705
10/29/01,3.135,3.44,3.035,3.248,3.248,141298
11/5/01,3.06,3.08,2.785,2.925,2.925,181509
11/12/01,2.76,2.81,2.5,2.637,2.637,172849
11/19/01,2.53,2.895,2.52,2.813,2.813,123493
11/26/01,2.64,2.82,2.18,2.701,2.701,254049
12/3/01,2.63,2.69,2.45,2.568,2.568,141734
12/10/01,2.555,2.87,2.54,2.846,2.846,202088
12/17/01,2.85,2.91,2.59,2.895,2.895,222238
12/24/01,3.02,3.03,2.5,2.774,2.774,122819
12/31/01,2.74,2.74,2.25,2.275,2.275,94940
1/7/02,2.24,2.35,2.14,2.204,2.204,169231
1/14/02,2.22,2.444,2.2,2.236,2.236,208064
1/21/02,2.2,2.2,1.99,2.105,2.105,170512
1/28/02,2.005,2.175,1.85,2.14,2.14,193534
2/4/02,2.129,2.21,2.04,2.18,2.18,143547
2/11/02,2.191,2.41,2.12,2.206,2.206,210218
2/18/02,2.233,2.47,2.233,2.435,2.435,219327
2/25/02,2.361,2.47,2.278,2.38,2.38,229578
3/4/02,2.4,2.825,2.381,2.81,2.81,261546
3/11/02,2.78,3.09,2.75,3.06,3.06,267915
3/18/02,3.1,3.52,3.055,3.32,3.32,328592
3/25/02,3.319,3.56,3.16,3.245,3.245,220913
4/1/02,3.21,3.7,3.17,3.27,3.27,266653
4/8/02,3.281,3.375,3.06,3.13,3.13,235586
4/15/02,3.175,3.64,3.151,3.53,3.53,289522
4/22/02,3.515,3.659,3.23,3.34,3.34,276009
4/29/02,3.38,3.84,3.38,3.735,3.735,253793
5/6/02,3.72,3.86,3.47,3.749,3.749,300931
5/13/02,3.7,3.875,3.53,3.565,3.565,268337
5/20/02,3.59,3.61,3.34,3.347,3.347,241037
5/27/02,3.27,3.541,3.19,3.217,3.217,151608
6/3/02,3.23,3.35,3.12,3.204,3.204,207281
6/10/02,3.16,3.35,3.05,3.345,3.345,249824
6/17/02,3.425,3.48,3.16,3.237,3.237,229675
6/24/02,3.258,3.58,3.2,3.245,3.245,246520
7/1/02,3.26,3.285,3.092,3.11,3.11,65336
7/8/02,3.05,3.11,2.705,2.787,2.787,251350
7/15/02,2.79,3.02,2.76,2.933,2.933,240706
7/22/02,2.98,3.1,2.8,2.936,2.936,269558
7/29/02,2.98,3.11,2.82,2.858,2.858,232067
8/5/02,2.73,2.86,2.64,2.761,2.761,171667
8/12/02,2.835,3.17,2.76,3.149,3.149,274241
8/19/02,3.08,3.535,3.055,3.487,3.487,258822
8/26/02,3.525,3.643,3.175,3.296,3.296,235786
9/2/02,3.18,3.445,3.1,3.265,3.265,217219
9/9/02,3.23,3.5,3.19,3.467,3.467,173781
9/16/02,3.47,3.97,3.385,3.758,3.758,240455
9/23/02,3.85,4.095,3.405,4.041,4.041,279503
9/30/02,4.165,4.25,3.71,3.739,3.739,264365
10/7/02,3.74,4.16,3.67,4.146,4.146,230829
10/14/02,4.17,4.38,4.11,4.239,4.239,210069
10/21/02,4.28,4.42,3.985,4.028,4.028,240638
10/28/02,4.12,4.44,4.032,4.06,4.06,224936
11/4/02,3.94,4.03,3.79,3.903,3.903,206518
11/11/02,3.815,4.03,3.74,3.981,3.981,205390
11/18/02,4.16,4.4,4.135,4.26,4.26,229627
11/25/02,4.325,4.335,4.1,4.2,4.2,103499
12/2/02,4.185,4.43,4.16,4.383,4.383,200554
12/9/02,4.32,5.56,4.29,5.284,5.284,268167
12/16/02,5.335,5.49,5.02,5.195,5.195,205024
12/23/02,5.13,5.205,4.83,4.97,4.97,114374
12/30/02,5.02,5.42,4.69,5.344,5.344,127690
1/6/03,5.075,5.32,4.85,5.143,5.143,231649
1/13/03,5.27,5.7,5.065,5.536,5.536,242485
1/20/03,5.43,5.85,5.34,5.524,5.524,181402
1/27/03,5.59,5.75,5.33,5.605,5.605,220822
2/3/03,5.5,6.07,5.485,6.043,6.043,211603
2/10/03,5.975,6.07,5.65,5.851,5.851,227069
2/17/03,5.93,6.7,5.875,6.61,6.61,172173
2/24/03,7.95,11.9,7,8.101,8.101,188970
3/3/03,7.5,7.6,6.69,6.975,6.975,123268
3/10/03,6.6,6.9,5.08,5.429,5.429,157194
3/17/03,5.47,5.64,5.1,5.12,5.12,121941
3/24/03,5.21,5.28,4.97,5.146,5.146,149410
3/31/03,5.14,5.22,4.88,4.943,4.943,128084
4/7/03,4.99,5.49,4.99,5.411,5.411,171766
4/14/03,5.37,5.85,5.36,5.709,5.709,107791
4/21/03,5.702,5.82,5.375,5.477,5.477,149237
4/28/03,5.48,5.48,5,5.255,5.255,154429
5/5/03,5.335,5.89,5.255,5.806,5.806,197141
5/12/03,5.915,6.44,5.915,6.122,6.122,193608
5/19/03,6.085,6.43,5.9,6.119,6.119,178950
5/26/03,5.96,6.27,5.77,6.25,6.25,151833
6/2/03,6.25,6.63,6.21,6.51,6.51,192251
6/9/03,6.4,6.5,5.48,5.675,5.675,219330
6/16/03,5.71,5.97,5.46,5.805,5.805,175093
6/23/03,5.89,6.12,5.22,5.362,5.362,174005
6/30/03,5.38,5.47,5.08,5.226,5.226,122992
7/7/03,5.32,5.64,5.13,5.154,5.154,170108
7/14/03,5.09,5.2,4.82,5,5,148797
7/21/03,5.072,5.18,4.66,4.706,4.706,170424
7/28/03,4.68,4.895,4.58,4.874,4.874,144056
8/4/03,4.8,5.14,4.61,5.037,5.037,160387
8/11/03,5.08,5.26,4.77,4.848,4.848,160871
8/18/03,4.9,5.34,4.865,5.28,5.28,152180
8/25/03,5.255,5.295,4.65,4.731,4.731,192150
9/1/03,4.7,4.86,4.55,4.771,4.771,124481
9/8/03,4.84,4.98,4.635,4.766,4.766,191394
9/15/03,4.65,4.76,4.425,4.483,4.483,160749
9/22/03,4.44,4.66,4.38,4.43,4.43,175057
9/29/03,4.63,4.98,4.565,4.767,4.767,215053
10/6/03,4.71,5.8,4.66,5.652,5.652,253647
10/13/03,5.57,5.72,5.025,5.036,5.036,178886
10/20/03,5.035,5.1,4.74,4.786,4.786,171467
10/27/03,4.58,4.94,4.39,4.893,4.893,188362
11/3/03,4.975,5.02,4.585,4.706,4.706,191540
11/10/03,4.72,5.22,4.6,5.112,5.112,207437
11/17/03,5.071,5.075,4.55,4.634,4.634,207388
11/24/03,4.57,5.115,4.52,4.925,4.925,106691
12/1/03,4.899,6.56,4.87,6.135,6.135,266288
12/8/03,6.21,7.55,6.15,7.221,7.221,180345
12/15/03,6.78,7.215,6.56,6.982,6.982,129580
12/22/03,6.85,6.85,5.94,6.379,6.379,90372
12/29/03,6.189,6.95,5.96,6.189,6.189,55600
1/5/04,6.325,7.63,6.325,7.287,7.287,125072
1/12/04,7.355,7.39,5.8,5.94,5.94,161616
1/19/04,6.08,6.49,5.6,6.059,6.059,107306
1/26/04,5.89,5.95,5.35,5.397,5.397,134760
2/2/04,5.45,5.79,5.25,5.354,5.354,134365
2/9/04,5.358,5.63,5.16,5.536,5.536,157108
2/16/04,5.411,5.42,5.12,5.193,5.193,93969
2/23/04,5.1,5.49,5.06,5.416,5.416,158899
3/1/04,5.358,5.6,5.2,5.443,5.443,170897
3/8/04,5.5,5.676,5.305,5.596,5.596,146977
3/15/04,5.62,5.77,5.56,5.582,5.582,114180
3/22/04,5.61,5.61,5.29,5.395,5.395,140345
3/29/04,5.33,5.99,5.33,5.812,5.812,196420
4/5/04,5.88,5.98,5.711,5.941,5.941,96994
4/12/04,5.915,6.03,5.6,5.61,5.61,175951
4/19/04,5.58,5.7,5.46,5.571,5.571,155638
4/26/04,5.555,5.99,5.55,5.862,5.862,168400
5/3/04,5.862,6.36,5.84,6.294,6.294,176374
5/10/04,6.303,6.53,6.12,6.401,6.401,176932
5/17/04,6.401,6.57,6.1,6.353,6.353,231514
5/24/04,6.37,6.76,6.31,6.442,6.442,189127
5/31/04,6.504,6.73,6.22,6.261,6.261,164009
6/7/04,6.239,6.275,5.96,6.176,6.176,183711
6/14/04,6.14,6.65,6.098,6.52,6.52,176242
6/21/04,6.495,6.55,6.275,6.353,6.353,159605
6/28/04,6.292,6.34,6.03,6.148,6.148,155742
7/5/04,6.21,6.46,6.07,6.141,6.141,154993
7/12/04,6.067,6.125,5.81,5.887,5.887,205780
7/19/04,5.831,6.22,5.77,6.134,6.134,161005
7/26/04,6.07,6.25,5.88,6.112,6.112,161107
8/2/04,6.045,6.045,5.57,5.588,5.588,157260
8/9/04,5.53,5.96,5.42,5.533,5.533,174239
8/16/04,5.525,5.64,5.33,5.552,5.552,139310
8/23/04,5.55,5.55,5.02,5.082,5.082,149064
8/30/04,5.21,5.26,4.62,4.675,4.675,168634
9/6/04,4.7,4.895,4.56,4.57,4.57,116741
9/13/04,4.731,5.27,4.52,5.108,5.108,217709
9/20/04,5.081,5.705,4.981,5.392,5.392,159138
9/27/04,5.255,7.23,5.2,6.772,6.772,183495
10/4/04,6.705,7.44,6.52,7.163,7.163,133768
10/11/04,7.12,7.19,6.425,6.709,6.709,153183
10/18/04,6.55,8.23,6.483,8.105,8.105,146838
10/25/04,8.03,9.2,7.49,8.725,8.725,157482
11/1/04,8.825,9.2,7.69,7.954,7.954,167663
11/8/04,7.95,7.96,7.125,7.176,7.176,158463
11/15/04,7.12,7.73,6.71,7.115,7.115,163500
11/22/04,7.2,8.25,6.6,7.976,7.976,97387
11/29/04,8.26,8.325,6.69,6.796,6.796,142871
12/6/04,7.05,7.13,6.495,6.843,6.843,154692
12/13/04,6.993,7.54,6.9,7.457,7.457,144867
12/20/04,7.14,7.2,6.62,6.668,6.668,80882
12/27/04,6.55,6.55,6.1,6.149,6.149,79864
1/3/05,5.949,6.1,5.71,6.001,6.001,129046
1/10/05,6.111,6.61,5.83,6.395,6.395,212089
1/17/05,6.55,6.805,6.08,6.24,6.24,140585
1/24/05,6.21,6.55,6.15,6.259,6.259,170945
1/31/05,6.2,6.48,6.07,6.096,6.096,153778
2/7/05,6.095,6.27,5.95,6.093,6.093,168062
2/14/05,6.035,6.23,5.85,5.908,5.908,193689
2/21/05,5.985,6.73,5.954,6.715,6.715,172427
2/28/05,6.75,6.815,6.55,6.744,6.744,154688
3/7/05,6.7,6.98,6.63,6.772,6.772,156702
3/14/05,6.72,7.38,6.72,7.273,7.273,159308
3/21/05,7.268,7.364,6.97,7.062,7.062,117824
3/28/05,7.02,7.85,6.945,7.749,7.749,157950
4/4/05,7.75,7.904,7.2,7.242,7.242,161387
4/11/05,7.2,7.39,6.89,6.997,6.997,172852
4/18/05,6.98,7.245,6.875,7.195,7.195,146352
4/25/05,7.195,7.369,6.55,6.585,6.585,178197
5/2/05,6.52,6.78,6.45,6.621,6.621,158928
5/9/05,6.585,6.84,6.43,6.536,6.536,144170
5/16/05,6.48,6.57,6.31,6.343,6.343,134443
5/23/05,6.33,6.47,6.03,6.37,6.37,151239
5/30/05,6.4,7.02,6.26,6.88,6.88,188607
6/6/05,6.955,7.43,6.88,6.932,6.932,216525
6/13/05,6.905,7.73,6.9,7.69,7.69,168631
6/20/05,7.77,7.915,7.28,7.36,7.36,154152
6/27/05,7.29,7.36,6.89,7.171,7.171,158141
7/4/05,7.36,7.771,7.25,7.472,7.472,128202
7/11/05,7.33,8.29,7.26,7.849,7.849,175434
7/18/05,7.75,7.879,7.25,7.384,7.384,150782
7/25/05,7.3,7.9,7.14,7.885,7.885,156189
8/1/05,7.9,8.73,7.9,8.7,8.7,171646
8/8/05,8.765,9.91,8.5,9.588,9.588,183618
8/15/05,9.458,9.91,8.85,9.111,9.111,140847
8/22/05,9.19,10.128,9.032,9.792,9.792,173934
8/29/05,11.95,12.3,10.65,11.691,11.691,185865
9/5/05,11.824,11.9,10.9,11.263,11.263,100378
9/12/05,11.156,11.5,10.608,11.144,11.144,142537
9/19/05,11.62,13.42,11.52,12.324,12.324,150076
9/26/05,12.2,14.8,11.68,13.921,13.921,152083
10/3/05,13.802,14.75,13.135,13.226,13.226,109797
10/10/05,13.149,13.699,12.7,13.219,13.219,136007
10/17/05,13.551,14.02,12.68,12.872,12.872,128110
10/24/05,12.66,14.495,12.593,13.055,13.055,148990
10/31/05,12.9,12.9,11.2,11.415,11.415,138811
11/7/05,11.142,12.06,11,11.712,11.712,155731
11/14/05,11.51,12.695,11.32,11.414,11.414,139403
11/21/05,11.335,11.86,11.12,11.62,11.62,87097
11/28/05,11.73,13.95,10.88,13.931,13.931,162905
12/5/05,13.901,15.52,13.3,14.312,14.312,181860
12/12/05,14.4,15.78,13.28,13.633,13.633,141369
12/19/05,13.565,14.49,11.95,12.283,12.283,112816
12/26/05,11.695,11.88,10.72,11.225,11.225,90646
1/2/06,10.7,11,9.39,9.632,9.632,83122
1/9/06,9.525,9.661,8.74,8.791,8.791,145244
1/16/06,8.795,9.44,8.46,9.28,9.28,110446
1/23/06,9,9.095,7.75,8.4,8.4,133836
1/30/06,8.8,9.82,8.17,8.613,8.613,163943
2/6/06,8.64,8.745,7.25,7.316,7.316,165217
2/13/06,7.41,7.54,6.975,7.182,7.182,128827
2/20/06,7.34,7.85,6.9,7.112,7.112,154614
2/27/06,7.1,7.18,6.54,6.79,6.79,125979
3/6/06,6.7,6.81,6.45,6.646,6.646,123509
3/13/06,6.72,7.37,6.69,7.053,7.053,128643
3/20/06,7.01,7.49,6.707,7.29,7.29,131472
3/27/06,7.15,7.562,6.93,7.21,7.21,131840
4/3/06,7.2,7.63,6.72,6.743,6.743,167508
4/10/06,6.726,7.15,6.65,7.14,7.14,139214
4/17/06,6.78,8.28,7.11,7.981,7.981,167925
4/24/06,7.975,8.074,6.49,6.555,6.555,188521
5/1/06,6.533,7.133,6.5,6.775,6.775,132337
5/8/06,6.795,7.034,6.225,6.28,6.28,157406
5/15/06,6.185,6.419,5.85,5.962,5.962,124197
5/22/06,6.015,6.44,5.71,5.925,5.925,180210
5/29/06,6.25,6.74,6.02,6.623,6.623,117589
6/5/06,6.75,6.82,5.94,6.172,6.172,174205
6/12/06,6.209,7.33,6.11,7.185,7.185,182336
6/19/06,7.03,7.1,6.16,6.226,6.226,126220
6/26/06,6.209,6.29,5.81,6.085,6.085,111818
7/3/06,6.09,6.1,5.47,5.523,5.523,70513
7/10/06,5.54,6.45,5.39,6.347,6.347,162880
7/17/06,6.2,6.249,5.52,6.139,6.139,155964
7/24/06,6.16,7.29,6.15,7.184,7.184,168062
7/31/06,7.24,8.619,7.12,7.246,7.246,165412
8/7/06,7.03,7.94,6.76,7.269,7.269,199662
8/14/06,7.189,7.189,6.45,6.731,6.731,116461
8/21/06,6.619,7.54,6.45,7.157,7.157,128706
8/28/06,6.768,6.95,5.77,5.877,5.877,233654
9/4/06,5.88,6.13,5.61,5.675,5.675,150080
9/11/06,5.58,5.86,4.65,4.982,4.982,214696
9/18/06,4.927,5.274,4.593,4.627,4.627,141008
9/25/06,4.57,5.764,4.05,5.62,5.62,188287
10/2/06,5.606,6.52,5.46,6.427,6.427,164944
10/9/06,6.5,6.8,5.583,5.659,5.659,219875
10/16/06,5.75,7.3,5.725,7.241,7.241,220218
10/23/06,7.257,7.929,6.775,7.153,7.153,247169
10/30/06,7.649,8.1,7.06,7.884,7.884,209099
11/6/06,7.66,8.26,7.278,7.794,7.794,226377
11/13/06,7.85,8.25,7.59,8.179,8.179,243465
11/20/06,8.099,8.186,7.68,7.718,7.718,79284
11/27/06,7.94,9.05,7.824,8.422,8.422,253145
12/4/06,8.25,8.289,7.5,7.561,7.561,260734
12/11/06,7.46,7.915,7.216,7.409,7.409,242816
12/18/06,7.29,7.29,6.515,6.635,6.635,184305
12/25/06,6.35,6.49,5.74,6.299,6.299,106159
1/1/07,6.205,6.45,6.03,6.184,6.184,124261
1/8/07,6.377,6.807,6.2,6.601,6.601,289486
1/15/07,6.58,6.98,6.15,6.886,6.886,233815
1/22/07,7.18,7.705,6.823,7.175,7.175,292182
1/29/07,7.15,7.966,6.82,7.476,7.476,350474
2/5/07,7.73,8.035,7.459,7.827,7.827,347768
2/12/07,7.66,7.67,7.05,7.503,7.503,296335
2/19/07,7.42,7.78,7.23,7.755,7.755,270705
2/26/07,7.78,7.861,7.1,7.243,7.243,222308
3/5/07,7.233,7.55,7.022,7.083,7.083,231033
3/12/07,7.035,7.166,6.86,6.924,6.924,193254
3/19/07,6.9,7.37,6.812,7.269,7.269,212935
3/26/07,7.27,7.77,7.194,7.73,7.73,239326
4/2/07,7.768,7.791,7.378,7.607,7.607,168466
4/9/07,7.605,8.01,7.531,7.801,7.801,333632
4/16/07,7.725,7.74,7.25,7.381,7.381,221445
4/23/07,7.293,7.897,7.25,7.831,7.831,284895
4/30/07,7.849,8.105,7.508,7.938,7.938,271968
5/7/07,7.85,7.961,7.59,7.899,7.899,277703
5/14/07,7.942,8.23,7.76,7.944,7.944,256994
5/21/07,7.876,7.96,7.5,7.64,7.64,225300
5/28/07,7.592,8,7.489,7.878,7.878,201254
6/4/07,7.92,8.21,7.65,7.663,7.663,320309
6/11/07,7.65,8.017,7.56,7.918,7.918,315017
6/18/07,7.909,7.918,7.049,7.13,7.13,285240
6/25/07,7,7.107,6.551,6.773,6.773,292602
7/2/07,6.72,6.839,6.36,6.444,6.444,150929
7/9/07,6.444,6.849,6.301,6.662,6.662,309562
7/16/07,6.527,6.75,6.226,6.446,6.446,243332
7/23/07,6.279,6.295,5.754,6.11,6.11,284927
7/30/07,6.24,6.684,6.031,6.09,6.09,273362
8/6/07,6.162,6.958,5.906,6.82,6.82,369429
8/13/07,6.883,7.192,6.546,7.01,7.01,367544
8/20/07,6.635,6.635,5.434,5.523,5.523,269326
8/27/07,5.293,5.785,5.192,5.468,5.468,254056
9/3/07,5.44,6.019,5.259,5.501,5.501,267430
9/10/07,5.348,6.498,5.249,6.279,6.279,400813
9/17/07,6.395,6.73,5.725,6.08,6.08,363407
9/24/07,6.019,7.039,5.916,6.87,6.87,276646
10/1/07,6.86,7.505,6.753,7.073,7.073,313396
10/8/07,7.027,7.186,6.745,6.974,6.974,364137
10/15/07,7.087,7.616,7.027,7.041,7.041,336922
10/22/07,7.053,7.227,6.643,7.218,7.218,305947
10/29/07,7.254,8.712,7.209,8.418,8.418,316800
11/5/07,8.34,8.375,7.504,7.897,7.897,298919
11/12/07,7.855,8.127,7.65,8.001,8.001,284562
11/19/07,8.045,8.13,7.42,7.7,7.7,142576
11/26/07,7.848,7.97,7.18,7.302,7.302,258113
12/3/07,7.209,7.445,7.038,7.155,7.155,287459
12/10/07,7.045,7.529,6.95,7.025,7.025,340069
12/17/07,6.992,7.25,6.914,7.19,7.19,264199
12/24/07,7.079,7.41,6.838,7.386,7.386,134157
12/31/07,7.349,7.98,7.283,7.841,7.841,230090
1/7/08,7.803,8.41,7.701,8.21,8.21,303684
1/14/08,8.401,8.481,7.918,7.993,7.993,274915
1/21/08,7.94,8.006,7.57,7.983,7.983,192068
1/28/08,7.96,8.133,7.691,7.74,7.74,311220
2/4/08,7.625,8.33,7.58,8.301,8.301,347304
2/11/08,8.405,8.847,8.336,8.66,8.66,409795
2/18/08,8.755,9.239,8.734,9.146,9.146,286493
2/25/08,9.335,9.498,8.88,9.366,9.366,357100
3/3/08,9.387,10.004,9.254,9.769,9.769,419685
3/10/08,9.84,10.294,9.627,9.868,9.868,362467
3/17/08,10.002,10.103,8.664,9.065,9.065,358862
3/24/08,9.12,9.85,9.008,9.8,9.8,319818
3/31/08,9.836,10.21,9.29,9.322,9.322,415835
4/7/08,9.343,10.314,9.343,9.901,9.901,446177
4/14/08,9.92,10.658,9.816,10.587,10.587,375978
4/21/08,10.624,11.05,10.415,10.963,10.963,375557
4/28/08,11.02,11.36,10.48,10.777,10.777,341778
5/5/08,10.843,11.608,10.781,11.537,11.537,387177
5/12/08,11.644,11.794,11.01,11.094,11.094,471797
5/19/08,11.158,11.95,10.857,11.857,11.857,464654
5/26/08,11.95,12.085,11.43,11.703,11.703,327515
6/2/08,11.791,12.823,11.633,12.693,12.693,435619
6/9/08,12.69,12.888,12.367,12.625,12.625,421161
6/16/08,12.637,13.35,12.58,12.994,12.994,420339
6/23/08,13.14,13.428,12.524,13.198,13.198,395869
6/30/08,13.26,13.694,13.207,13.577,13.577,253417
7/7/08,13.5,13.572,11.812,11.904,11.904,590559
7/14/08,11.955,12.137,10.464,10.57,10.57,504846
7/21/08,10.632,10.793,8.883,9.084,9.084,525861
7/28/08,9.196,9.46,8.81,9.389,9.389,388026
8/4/08,9.451,9.6,8.19,8.248,8.248,473445
8/11/08,8.36,8.736,7.96,8.092,8.092,461330
8/18/08,7.928,8.388,7.768,7.843,7.843,380218
8/25/08,7.794,8.808,7.617,7.943,7.943,497726
9/1/08,8.094,8.13,7.023,7.449,7.449,340466
9/8/08,7.6,7.705,7.12,7.366,7.366,428232
9/15/08,7.372,8.32,7.071,7.531,7.531,448005
9/22/08,7.451,8.16,7.296,7.472,7.472,374441
9/29/08,7.628,7.938,7.14,7.358,7.358,305402
10/6/08,7.348,7.348,6.51,6.535,6.535,362189
10/13/08,6.535,6.975,6.436,6.786,6.786,294568
10/20/08,6.854,7.087,6.15,6.239,6.239,304154
10/27/08,6.133,6.896,5.99,6.783,6.783,290925
11/3/08,6.693,7.36,6.512,6.757,6.757,322120
11/10/08,7.13,7.308,6.054,6.312,6.312,387434
11/17/08,6.361,6.825,6.201,6.48,6.48,308222
11/24/08,6.705,6.978,6.255,6.51,6.51,226612
12/1/08,6.55,6.685,5.712,5.742,5.742,300672
12/8/08,5.708,5.792,5.458,5.488,5.488,319082
12/15/08,5.594,5.856,5.267,5.334,5.334,261169
12/22/08,5.27,5.94,5.21,5.826,5.826,137056
12/29/08,5.909,6.18,5.477,5.971,5.971,131637
1/5/09,5.93,6.24,5.423,5.516,5.516,271441
1/12/09,5.547,5.634,4.742,4.801,4.801,288749
1/19/09,4.729,4.859,4.432,4.518,4.518,207937
1/26/09,4.44,4.665,4.359,4.417,4.417,263804
2/2/09,4.31,4.837,4.28,4.774,4.774,351615
2/9/09,4.77,4.88,4.38,4.452,4.452,408719
2/16/09,4.285,4.322,3.921,4.006,4.006,271190
2/23/09,4.075,4.296,3.916,4.198,4.198,315638
3/2/09,4.274,4.38,3.917,3.945,3.945,390168
3/9/09,3.882,4.04,3.759,3.932,3.932,329872
3/16/09,3.914,4.424,3.672,4.227,4.227,375236
3/23/09,4.19,4.379,3.6,3.631,3.631,328469
3/30/09,3.76,3.95,3.629,3.801,3.801,251996
4/6/09,3.801,3.86,3.531,3.61,3.61,204674
4/13/09,3.625,3.786,3.504,3.729,3.729,326933
4/20/09,3.71,3.757,3.26,3.297,3.297,261231
4/27/09,3.268,3.591,3.155,3.546,3.546,298870
5/4/09,3.544,4.36,3.469,4.311,4.311,449290
5/11/09,4.34,4.575,4.083,4.098,4.098,491627
5/18/09,4.037,4.239,3.478,3.515,3.515,422049
5/25/09,3.48,4.104,3.388,3.835,3.835,384875
6/1/09,3.869,4.284,3.55,3.868,3.868,557278
6/8/09,3.87,4.067,3.656,3.857,3.857,634953
6/15/09,3.859,4.387,3.825,4.032,4.032,571059
6/22/09,4.04,4.105,3.717,3.949,3.949,400174
6/29/09,4.049,4.09,3.593,3.6,3.6,409239
7/6/09,3.615,3.617,3.337,3.373,3.373,396637
7/13/09,3.337,3.785,3.225,3.669,3.669,612783
7/20/09,3.7,3.904,3.516,3.695,3.695,484804
7/27/09,3.666,3.769,3.296,3.653,3.653,392468
8/3/09,3.632,4.162,3.596,3.674,3.674,543632
8/10/09,3.703,3.768,3.224,3.238,3.238,645222
8/17/09,3.184,3.281,2.776,2.804,2.804,513855
8/24/09,2.79,3.22,2.692,3.033,3.033,433617
8/31/09,3.003,3.084,2.409,2.728,2.728,550533
9/7/09,2.659,3.424,2.623,2.96,2.96,633228
9/14/09,2.956,3.9,2.911,3.778,3.778,928812
9/21/09,3.722,4.035,3.502,3.985,3.985,565134
9/28/09,3.965,4.975,3.662,4.718,4.718,666692
10/5/09,4.735,5.12,4.671,4.77,4.77,733939
10/12/09,4.781,4.972,4.355,4.781,4.781,765865
10/19/09,4.77,5.318,4.672,4.787,4.787,642675
10/26/09,4.735,5.271,4.23,5.045,5.045,467052
11/2/09,5.034,5.115,4.555,4.595,4.595,479063
11/9/09,4.605,4.69,4.287,4.392,4.392,625316
11/16/09,4.44,4.734,4.157,4.424,4.424,597301
11/23/09,4.507,5.29,4.361,5.192,5.192,393169
11/30/09,5.184,5.192,4.432,4.586,4.586,553809
12/7/09,4.651,5.375,4.644,5.163,5.163,851319
12/14/09,5.235,5.926,5.191,5.782,5.782,653257
12/21/09,5.798,5.929,5.531,5.643,5.643,285096
12/28/09,5.752,6.035,5.505,5.572,5.572,232719
1/4/10,5.705,6.108,5.615,5.749,5.749,555227
1/11/10,5.576,5.804,5.354,5.691,5.691,655308
1/18/10,5.64,5.869,5.444,5.819,5.819,442207
1/25/10,5.821,5.854,5.06,5.131,5.131,447129
2/1/10,5.247,5.598,5.227,5.515,5.515,589689
2/8/10,5.602,5.68,5.204,5.468,5.468,712418
2/15/10,5.429,5.56,5.008,5.044,5.044,447381
2/22/10,4.95,4.977,4.739,4.813,4.813,388136
3/1/10,4.772,4.869,4.54,4.593,4.593,408896
3/8/10,4.537,4.603,4.377,4.4,4.4,393624
3/15/10,4.389,4.447,4.05,4.169,4.169,516358
3/22/10,4.158,4.168,3.863,3.872,3.872,388216
3/29/10,3.866,4.157,3.81,4.086,4.086,436378
4/5/10,4.096,4.334,3.857,4.07,4.07,619348
4/12/10,4.093,4.269,3.936,4.039,4.039,770094
4/19/10,4.038,4.322,3.879,4.257,4.257,536663
4/26/10,4.29,4.386,3.885,3.92,3.92,555735
5/3/10,3.935,4.101,3.855,4.015,4.015,420549
5/10/10,4.015,4.414,4.006,4.312,4.312,633725
5/17/10,4.325,4.494,4.02,4.035,4.035,528855
5/24/10,4.037,4.399,3.986,4.341,4.341,410172
5/31/10,4.35,4.977,4.217,4.797,4.797,548137
6/7/10,4.841,4.995,4.628,4.781,4.781,664165
6/14/10,4.861,5.196,4.861,4.997,4.997,634484
6/21/10,5.044,5.182,4.691,4.861,4.861,476735
6/28/10,4.829,4.923,4.477,4.687,4.687,502967
7/5/10,4.66,4.9,4.339,4.402,4.402,407322
7/12/10,4.421,4.659,4.288,4.519,4.519,570488
7/19/10,4.531,4.719,4.454,4.58,4.58,555041
7/26/10,4.561,4.937,4.511,4.923,4.923,521036
8/2/10,4.988,5.007,4.456,4.467,4.467,602093
8/9/10,4.452,4.548,4.257,4.328,4.328,673241
8/16/10,4.336,4.375,4.109,4.117,4.117,486581
8/23/10,4.066,4.129,3.61,3.651,3.651,391516
8/30/10,3.746,3.946,3.693,3.939,3.939,507822
9/6/10,3.933,3.939,3.703,3.883,3.883,435352
9/13/10,3.834,4.144,3.8,4.024,4.024,756219
9/20/10,3.97,4.133,3.806,3.881,3.881,551066
9/27/10,3.818,4.012,3.732,3.797,3.797,416298
10/4/10,3.752,3.888,3.583,3.651,3.651,583438
10/11/10,3.646,3.777,3.52,3.535,3.535,750817
10/18/10,3.48,3.613,3.29,3.332,3.332,540802
10/25/10,3.292,4.056,3.212,4.038,4.038,529108
11/1/10,4.031,4.187,3.743,3.937,3.937,615413
11/8/10,3.954,4.249,3.794,3.799,3.799,733977
11/15/10,3.78,4.175,3.71,4.164,4.164,685686
11/22/10,4.162,4.482,4.115,4.399,4.399,351715
11/29/10,4.398,4.487,4.126,4.349,4.349,574985
12/6/10,4.385,4.637,4.328,4.417,4.417,855056
12/13/10,4.444,4.547,3.951,4.066,4.066,746510
12/20/10,4.052,4.25,3.988,4.083,4.083,368557
12/27/10,4.031,4.454,3.992,4.405,4.405,377403
1/3/11,4.492,4.707,4.327,4.422,4.422,722671
1/10/11,4.373,4.554,4.322,4.48,4.48,676173
1/17/11,4.494,4.777,4.387,4.736,4.736,594663
1/24/11,4.802,4.879,4.252,4.323,4.323,503741
1/31/11,4.323,4.496,4.287,4.31,4.31,615631
2/7/11,4.26,4.274,3.903,3.91,3.91,920480
2/14/11,3.899,3.997,3.825,3.876,3.876,564896
2/21/11,3.879,4.044,3.775,4.005,4.005,391994
2/28/11,4.009,4.1,3.731,3.809,3.809,537709
3/7/11,3.792,3.964,3.731,3.889,3.889,687343
3/14/11,3.923,4.198,3.8,4.168,4.168,764799
3/21/11,4.168,4.425,4.116,4.403,4.403,568984
3/28/11,4.425,4.48,4.195,4.362,4.362,654406
4/4/11,4.334,4.364,4.014,4.041,4.041,721821
4/11/11,4.016,4.261,3.99,4.204,4.204,770560
4/18/11,4.21,4.427,4.087,4.412,4.412,528297
4/25/11,4.404,4.705,4.333,4.698,4.698,568394
5/2/11,4.685,4.729,4.205,4.235,4.235,673030
5/9/11,4.25,4.297,4.109,4.246,4.246,559577
5/16/11,4.253,4.339,4.077,4.23,4.23,550466
5/23/11,4.238,4.563,4.195,4.518,4.518,574883
5/30/11,4.56,4.859,4.525,4.707,4.707,588310
6/6/11,4.772,4.983,4.51,4.757,4.757,795100
6/13/11,4.79,4.811,4.317,4.325,4.325,603861
6/20/11,4.301,4.444,4.154,4.229,4.229,537649
6/27/11,4.228,4.422,4.176,4.311,4.311,471550
7/4/11,4.313,4.411,4.064,4.205,4.205,471336
7/11/11,4.231,4.555,4.182,4.546,4.546,614613
7/18/11,4.546,4.612,4.37,4.399,4.399,574427
7/25/11,4.413,4.459,4.138,4.145,4.145,436795
8/1/11,4.135,4.23,3.901,3.941,3.941,573428
8/8/11,3.911,4.143,3.855,4.06,4.06,668460
8/15/11,4.012,4.062,3.843,3.94,3.94,554877
8/22/11,3.893,4.048,3.853,3.931,3.931,501800
8/29/11,3.925,4.13,3.78,3.872,3.872,617465
9/5/11,3.882,4.038,3.851,3.915,3.915,511493
9/12/11,3.9,4.099,3.791,3.809,3.809,729489
9/19/11,3.776,3.859,3.662,3.701,3.701,509614
9/26/11,3.701,3.853,3.663,3.666,3.666,522804
10/3/11,3.643,3.699,3.47,3.481,3.481,629916
10/10/11,3.486,3.743,3.446,3.703,3.703,883349
10/17/11,3.73,3.777,3.536,3.629,3.629,699153
10/24/11,3.635,3.94,3.495,3.923,3.923,576620
10/31/11,3.93,3.978,3.73,3.783,3.783,580799
11/7/11,3.783,3.783,3.57,3.584,3.584,545979
11/14/11,3.54,3.553,3.285,3.316,3.316,717659
11/21/11,3.329,3.549,3.285,3.542,3.542,377925
11/28/11,3.529,3.689,3.35,3.584,3.584,651190
12/5/11,3.57,3.572,3.309,3.317,3.317,721156
12/12/11,3.253,3.299,3.084,3.127,3.127,663689
12/19/11,3.093,3.201,3.05,3.114,3.114,434995
12/26/11,3.106,3.19,2.957,2.989,2.989,266875
1/2/12,2.969,3.123,2.936,3.062,3.062,518352
1/9/12,3.011,3.045,2.621,2.67,2.67,686180
1/16/12,2.569,2.587,2.283,2.343,2.343,620011
1/23/12,2.27,2.803,2.231,2.678,2.678,921336
1/30/12,2.81,2.844,2.34,2.499,2.499,970964
2/6/12,2.503,2.618,2.39,2.477,2.477,966446
2/13/12,2.448,2.733,2.395,2.684,2.684,926174
2/20/12,2.659,2.695,2.512,2.55,2.55,447807
2/27/12,2.523,2.625,2.435,2.484,2.484,680508
3/5/12,2.401,2.441,2.235,2.324,2.324,567448
3/12/12,2.272,2.362,2.204,2.326,2.326,624776
3/19/12,2.322,2.393,2.25,2.275,2.275,582727
3/26/12,2.286,2.318,2.101,2.126,2.126,547399
4/2/12,2.122,2.204,2.069,2.089,2.089,506054
4/9/12,2.103,2.126,1.959,1.981,1.981,819891
4/16/12,1.986,2.03,1.902,1.927,1.927,556257
4/23/12,1.937,2.198,1.921,2.186,2.186,620317
4/30/12,2.19,2.385,2.15,2.279,2.279,777167
5/7/12,2.277,2.531,2.273,2.509,2.509,758870
5/14/12,2.493,2.759,2.387,2.742,2.742,760339
5/21/12,2.722,2.75,2.523,2.568,2.568,676183
5/28/12,2.547,2.56,2.313,2.326,2.326,652838
6/4/12,2.33,2.487,2.231,2.299,2.299,757881
6/11/12,2.262,2.557,2.168,2.467,2.467,864616
6/18/12,2.467,2.679,2.459,2.625,2.625,799283
6/25/12,2.66,2.946,2.644,2.824,2.824,755240
7/2/12,2.804,3.06,2.742,2.776,2.776,519347
7/9/12,2.781,2.92,2.718,2.874,2.874,691620
7/16/12,2.875,3.096,2.72,3.081,3.081,739275
7/23/12,3.083,3.196,2.99,3.01,3.01,547954
7/30/12,3.03,3.277,2.84,2.877,2.877,828022
8/6/12,2.841,3.12,2.76,2.77,2.77,941108
8/13/12,2.77,2.848,2.685,2.719,2.719,709326
8/20/12,2.715,2.877,2.682,2.702,2.702,714891
8/27/12,2.768,2.808,2.575,2.799,2.799,591623
9/3/12,2.806,2.888,2.666,2.682,2.682,550425
9/10/12,2.659,3.07,2.647,2.943,2.943,937995
9/17/12,2.929,2.983,2.737,2.885,2.885,748857
9/24/12,2.9,3.33,2.814,3.32,3.32,721717
10/1/12,3.325,3.546,3.325,3.396,3.396,942478
10/8/12,3.38,3.638,3.327,3.611,3.611,992941
10/15/12,3.593,3.647,3.398,3.617,3.617,825439
10/22/12,3.617,3.648,3.355,3.4,3.4,592358
10/29/12,3.36,3.82,3.36,3.554,3.554,522187
11/5/12,3.533,3.62,3.482,3.503,3.503,500755
11/12/12,3.496,3.83,3.47,3.79,3.79,674135
11/19/12,3.798,3.933,3.71,3.901,3.901,397926
11/26/12,3.864,3.868,3.546,3.561,3.561,636401
12/3/12,3.553,3.748,3.507,3.551,3.551,734812
12/10/12,3.519,3.52,3.261,3.314,3.314,934122
12/17/12,3.299,3.508,3.277,3.451,3.451,616849
12/24/12,3.461,3.487,3.3,3.469,3.469,215229
12/31/12,3.455,3.481,3.05,3.287,3.287,399500
1/7/13,3.277,3.352,3.087,3.327,3.327,623248
1/14/13,3.379,3.579,3.328,3.566,3.566,752461
1/21/13,3.572,3.645,3.411,3.444,3.444,502969
1/28/13,3.392,3.396,3.207,3.301,3.301,640903
2/4/13,3.313,3.459,3.256,3.272,3.272,691750
2/11/13,3.26,3.323,3.125,3.153,3.153,863983
2/18/13,3.166,3.337,3.135,3.291,3.291,503441
2/25/13,3.32,3.554,3.32,3.456,3.456,647643
3/4/13,3.469,3.635,3.408,3.629,3.629,683312
3/11/13,3.636,3.924,3.59,3.872,3.872,763285
3/18/13,3.907,4.025,3.858,3.927,3.927,727436
3/25/13,3.943,4.121,3.86,4.024,4.024,594917
4/1/13,3.969,4.146,3.861,4.125,4.125,946865
4/8/13,4.163,4.264,4.004,4.222,4.222,1038980
4/15/13,4.227,4.429,4.084,4.408,4.408,771989
4/22/13,4.39,4.397,4.062,4.151,4.151,593730
4/29/13,4.233,4.444,3.977,4.041,4.041,795719
5/6/13,4.012,4.056,3.883,3.91,3.91,577653
5/13/13,3.897,4.096,3.886,4.055,4.055,612509
5/20/13,4.089,4.295,4.063,4.237,4.237,518822
5/27/13,4.223,4.308,3.981,3.984,3.984,457008
6/3/13,3.963,4.04,3.814,3.828,3.828,589539
6/10/13,3.848,3.868,3.71,3.733,3.733,757171
6/17/13,3.738,3.983,3.738,3.771,3.771,651152
6/24/13,3.79,3.822,3.526,3.565,3.565,546559
7/1/13,3.547,3.7,3.531,3.617,3.617,353375
7/8/13,3.626,3.787,3.574,3.644,3.644,547165
7/15/13,3.65,3.835,3.546,3.789,3.789,599359
7/22/13,3.75,3.78,3.548,3.555,3.555,474308
7/29/13,3.515,3.52,3.33,3.347,3.347,547983
8/5/13,3.326,3.361,3.129,3.23,3.23,716557
8/12/13,3.26,3.434,3.244,3.368,3.368,762219
8/19/13,3.392,3.562,3.385,3.485,3.485,536468
8/26/13,3.511,3.655,3.451,3.581,3.581,364246
9/2/13,3.601,3.719,3.517,3.53,3.53,471046
9/9/13,3.534,3.689,3.525,3.677,3.677,583320
9/16/13,3.687,3.82,3.625,3.687,3.687,583462
9/23/13,3.681,3.681,3.402,3.589,3.589,502503
9/30/13,3.581,3.653,3.482,3.506,3.506,556655
10/7/13,3.53,3.795,3.519,3.776,3.776,863197
10/14/13,3.815,3.869,3.685,3.764,3.764,616467
10/21/13,3.795,3.838,3.545,3.707,3.707,531802
10/28/13,3.678,3.681,3.48,3.513,3.513,499808
11/4/13,3.475,3.622,3.379,3.559,3.559,602595
11/11/13,3.586,3.667,3.491,3.66,3.66,550021
11/18/13,3.681,3.787,3.545,3.768,3.768,525922
11/25/13,3.814,3.962,3.741,3.954,3.954,400799
12/2/13,3.911,4.199,3.897,4.114,4.114,830812
12/9/13,4.148,4.443,4.139,4.351,4.351,1041643
12/16/13,4.275,4.492,4.194,4.418,4.418,754849
12/23/13,4.49,4.532,4.34,4.407,4.407,276412
12/30/13,4.403,4.472,4.206,4.304,4.304,426815
1/6/14,4.313,4.43,3.953,4.053,4.053,731773
1/13/14,4.12,4.495,4.118,4.326,4.326,876669
1/20/14,4.236,5.246,4.203,5.182,5.182,796258
1/27/14,5.153,5.725,4.721,4.943,4.943,972596
2/3/14,4.85,5.737,4.739,4.775,4.775,972939
2/10/14,4.66,5.389,4.563,5.214,5.214,1008078
2/17/14,5.384,6.4,5.371,6.135,6.135,742899
2/24/14,6.3,6.493,4.441,4.609,4.609,608978
3/3/14,4.69,4.736,4.463,4.618,4.618,615982
3/10/14,4.623,4.733,4.341,4.425,4.425,538095
3/17/14,4.504,4.587,4.286,4.313,4.313,409446
3/24/14,4.312,4.615,4.262,4.485,4.485,383271
3/31/14,4.482,4.487,4.221,4.439,4.439,502703
4/7/14,4.443,4.703,4.43,4.62,4.62,690875
4/14/14,4.62,4.746,4.484,4.741,4.741,413275
4/21/14,4.756,4.805,4.632,4.647,4.647,355950
4/28/14,4.642,4.852,4.636,4.674,4.674,442697
5/5/14,4.775,4.827,4.498,4.531,4.531,515720
5/12/14,4.535,4.549,4.289,4.413,4.413,489114
5/19/14,4.414,4.575,4.349,4.405,4.405,422620
5/26/14,4.406,4.665,4.36,4.542,4.542,411856
6/2/14,4.551,4.736,4.522,4.71,4.71,502562
6/9/14,4.714,4.793,4.504,4.739,4.739,736757
6/16/14,4.757,4.886,4.516,4.531,4.531,508336
6/23/14,4.522,4.597,4.35,4.409,4.409,381170
6/30/14,4.419,4.493,4.329,4.406,4.406,336828
7/7/14,4.398,4.402,4.106,4.146,4.146,507598
7/14/14,4.145,4.173,3.934,3.951,3.951,438674
7/21/14,3.883,3.893,3.744,3.781,3.781,367271
7/28/14,3.736,3.89,3.724,3.798,3.798,436823
8/4/14,3.786,3.981,3.761,3.962,3.962,498335
8/11/14,3.988,4.02,3.763,3.776,3.776,619007
8/18/14,3.746,3.955,3.727,3.84,3.84,460172
8/25/14,3.869,4.101,3.843,4.065,4.065,433706
9/1/14,4.048,4.078,3.781,3.793,3.793,451513
9/8/14,3.783,4.016,3.761,3.857,3.857,612963
9/15/14,3.841,4.04,3.834,3.837,3.837,569113
9/22/14,3.84,3.996,3.796,3.984,3.984,399581
9/29/14,4.032,4.184,3.908,4.039,4.039,604641
10/6/14,4,4,3.815,3.859,3.859,645079
10/13/14,3.836,3.955,3.715,3.766,3.766,533038
10/20/14,3.721,3.745,3.558,3.623,3.623,477981
10/27/14,3.62,3.955,3.541,3.873,3.873,518929
11/3/14,4.007,4.494,3.989,4.412,4.412,994005
11/10/14,4.509,4.544,3.931,4.02,4.02,813030
11/17/14,4.148,4.532,4.113,4.266,4.266,884293
11/24/14,4.047,4.529,4.006,4.088,4.088,428451
12/1/14,3.975,4.041,3.638,3.802,3.802,763659
12/8/14,3.777,3.826,3.585,3.795,3.795,739704
12/15/14,3.93,3.936,3.444,3.464,3.464,585052
12/22/14,3.35,3.351,2.973,3.007,3.007,333521
12/29/14,3.053,3.207,2.805,3.003,3.003,385531
1/5/15,3.076,3.176,2.811,2.946,2.946,643077
1/12/15,2.917,3.352,2.783,3.127,3.127,873014
1/19/15,3.045,3.048,2.766,2.986,2.986,602217
1/26/15,2.897,3.005,2.637,2.691,2.691,527490
2/2/15,2.664,2.783,2.567,2.579,2.579,597785
2/9/15,2.659,2.883,2.571,2.804,2.804,917736
2/16/15,2.818,2.984,2.697,2.951,2.951,556554
2/23/15,2.963,3.039,2.684,2.734,2.734,528205
3/2/15,2.691,2.87,2.641,2.839,2.839,560458
3/9/15,2.775,2.864,2.662,2.727,2.727,648434
3/16/15,2.705,2.935,2.68,2.786,2.786,682046
3/23/15,2.741,2.81,2.578,2.59,2.59,404719
3/30/15,2.624,2.719,2.583,2.713,2.713,392067
4/6/15,2.681,2.709,2.504,2.511,2.511,599722
4/13/15,2.487,2.693,2.475,2.634,2.634,706209
4/20/15,2.592,2.622,2.518,2.531,2.531,478677
4/27/15,2.472,2.8,2.443,2.776,2.776,605768
5/4/15,2.738,2.888,2.711,2.88,2.88,632319
5/11/15,2.914,3.036,2.785,3.016,3.016,702229
5/18/15,2.983,3.105,2.881,2.887,2.887,615663
5/25/15,2.878,2.887,2.633,2.642,2.642,471811
6/1/15,2.615,2.724,2.556,2.59,2.59,697217
6/8/15,2.64,2.922,2.624,2.75,2.75,976550
6/15/15,2.769,2.955,2.739,2.816,2.816,759137
6/22/15,2.749,2.854,2.711,2.773,2.773,458758
6/29/15,2.755,2.885,2.735,2.822,2.822,519772
7/6/15,2.771,2.807,2.644,2.77,2.77,645729
7/13/15,2.816,2.934,2.787,2.87,2.87,720625
7/20/15,2.843,2.951,2.773,2.776,2.776,587835
7/27/15,2.745,2.895,2.706,2.716,2.716,479215
8/3/15,2.725,2.863,2.707,2.798,2.798,786593
8/10/15,2.835,2.934,2.781,2.801,2.801,817548
8/17/15,2.774,2.788,2.67,2.676,2.676,569169
8/24/15,2.654,2.725,2.624,2.715,2.715,393297
8/31/15,2.681,2.735,2.632,2.655,2.655,525035
9/7/15,2.651,2.733,2.641,2.693,2.693,560755
9/14/15,2.702,2.794,2.602,2.605,2.605,568742
9/21/15,2.585,2.607,2.521,2.564,2.564,433199
9/28/15,2.608,2.673,2.403,2.451,2.451,673801
10/5/15,2.451,2.531,2.429,2.502,2.502,717824
10/12/15,2.52,2.578,2.41,2.43,2.43,730110
10/19/15,2.464,2.499,2.275,2.286,2.286,646465
10/26/15,2.221,2.372,1.948,2.321,2.321,724941
11/2/15,2.268,2.398,2.231,2.371,2.371,732642
11/9/15,2.373,2.391,2.234,2.361,2.361,783189
11/16/15,2.449,2.46,2.123,2.145,2.145,670316
11/23/15,2.111,2.305,2.051,2.212,2.212,311736
11/30/15,2.175,2.259,2.131,2.186,2.186,595442
12/7/15,2.159,2.162,1.959,1.99,1.99,869330
12/14/15,1.913,1.923,1.684,1.767,1.767,834502
12/21/15,1.836,2.052,1.787,2.029,2.029,444630
12/28/15,2.082,2.387,2.067,2.337,2.337,514942
1/4/16,2.366,2.495,2.239,2.472,2.472,803808
1/11/16,2.446,2.48,2.086,2.1,2.1,702728
1/18/16,2.055,2.189,2.044,2.139,2.139,492902
1/25/16,2.156,2.315,2.081,2.298,2.298,604080
2/1/16,2.213,2.228,1.954,2.063,2.063,833341
2/8/16,2.106,2.172,1.951,1.966,1.966,754549
2/15/16,1.952,1.963,1.794,1.804,1.804,499439
2/22/16,1.784,1.848,1.682,1.791,1.791,464268
2/29/16,1.711,1.775,1.611,1.666,1.666,734771
3/7/16,1.628,1.859,1.612,1.822,1.822,785706
3/14/16,1.818,1.957,1.771,1.907,1.907,655552
3/21/16,1.893,1.908,1.772,1.806,1.806,442201
3/28/16,1.785,2.028,1.766,1.956,1.956,621005
4/4/16,1.988,2.074,1.892,1.99,1.99,796619
4/11/16,1.951,2.051,1.885,1.902,1.902,783115
4/18/16,1.882,2.147,1.872,2.14,2.14,801124
4/25/16,2.16,2.195,1.95,2.178,2.178,710816
5/2/16,2.132,2.179,2.026,2.101,2.101,694988
5/9/16,2.104,2.185,2.075,2.096,2.096,716085
5/16/16,2.08,2.087,1.952,2.062,2.062,650924
5/23/16,2.093,2.191,1.909,2.169,2.169,514549
5/30/16,2.16,2.454,2.151,2.398,2.398,695668
6/6/16,2.439,2.63,2.399,2.556,2.556,929030
6/13/16,2.595,2.656,2.535,2.623,2.623,707077
6/20/16,2.652,2.786,2.614,2.662,2.662,613593
6/27/16,2.636,2.998,2.631,2.987,2.987,644620
7/4/16,2.915,2.945,2.697,2.801,2.801,549390
7/11/16,2.819,2.871,2.669,2.756,2.756,674995
7/18/16,2.775,2.799,2.625,2.777,2.777,537096
7/25/16,2.779,2.911,2.651,2.876,2.876,592352
8/1/16,2.84,2.885,2.722,2.772,2.772,685366
8/8/16,2.749,2.761,2.523,2.586,2.586,901129
8/15/16,2.565,2.697,2.561,2.584,2.584,592548
8/22/16,2.596,2.907,2.596,2.871,2.871,501619
8/29/16,2.847,2.943,2.77,2.792,2.792,639598
9/5/16,2.764,2.844,2.665,2.797,2.797,628432
9/12/16,2.82,2.978,2.82,2.948,2.948,781868
9/19/16,2.956,3.098,2.89,2.955,2.955,634311
9/26/16,2.949,3.032,2.892,2.906,2.906,527160
10/3/16,2.905,3.218,2.866,3.193,3.193,928918
10/10/16,3.194,3.366,3.154,3.285,3.285,998111
10/17/16,3.26,3.317,2.955,2.993,2.993,734682
10/24/16,3.007,3.125,2.627,3.105,3.105,693444
10/31/16,3.15,3.163,2.725,2.767,2.767,868525
11/7/16,2.848,2.875,2.546,2.619,2.619,910885
11/14/16,2.667,2.852,2.644,2.843,2.843,689767
11/21/16,2.898,3.121,2.891,3.085,3.085,327010
11/28/16,3.13,3.568,3.13,3.436,3.436,884747
12/5/16,3.471,3.777,3.45,3.746,3.746,1110155
12/12/16,3.583,3.601,3.343,3.415,3.415,860328
12/19/16,3.353,3.715,3.242,3.662,3.662,631533
12/26/16,3.736,3.994,3.664,3.724,3.724,438726
1/2/17,3.568,3.568,3.172,3.285,3.285,774169
1/9/17,3.253,3.45,3.098,3.419,3.419,844833
1/16/17,3.473,3.513,3.189,3.204,3.204,550909
1/23/17,3.18,3.494,3.145,3.391,3.391,523216
1/30/17,3.3,3.342,3.042,3.063,3.063,798821
2/6/17,3.015,3.189,3.005,3.034,3.034,811176
2/13/17,2.978,2.994,2.83,2.834,2.834,697012
2/20/17,2.791,2.826,2.522,2.627,2.627,486154
2/27/17,2.715,2.84,2.653,2.827,2.827,794560
3/6/17,2.911,3.043,2.815,3.008,3.008,924679
3/13/17,3.083,3.089,2.882,2.948,2.948,694588
3/20/17,2.913,3.113,2.902,3.076,3.076,647490
3/27/17,3.119,3.242,3.011,3.19,3.19,519489
4/3/17,3.217,3.347,3.121,3.261,3.261,859476
4/10/17,3.24,3.293,3.132,3.227,3.227,699411
4/17/17,3.229,3.249,3.082,3.101,3.101,685478
4/24/17,3.094,3.298,3.022,3.276,3.276,589142
5/1/17,3.249,3.313,3.165,3.266,3.266,650533
5/8/17,3.243,3.431,3.14,3.424,3.424,940293
5/15/17,3.387,3.408,3.161,3.256,3.256,789876
5/22/17,3.291,3.334,3.145,3.236,3.236,502959
5/29/17,3.25,3.255,2.988,2.999,2.999,807230
6/5/17,3.026,3.095,2.935,3.039,3.039,812168
6/12/17,3.032,3.087,2.916,3.037,3.037,868377
6/19/17,2.966,2.971,2.855,2.929,2.929,660930
6/26/17,2.99,3.122,2.974,3.035,3.035,538290
7/3/17,2.949,3.05,2.832,2.864,2.864,686106
7/10/17,2.898,3.053,2.87,2.98,2.98,872495
7/17/17,2.982,3.114,2.938,2.97,2.97,685572
7/24/17,2.914,2.998,2.88,2.941,2.941,483495
7/31/17,2.9,2.9,2.753,2.774,2.774,664980
8/7/17,2.772,2.997,2.764,2.983,2.983,863134
8/14/17,3.005,3.018,2.856,2.893,2.893,611255
8/21/17,2.894,3.006,2.867,2.892,2.892,586451
8/28/17,2.924,3.088,2.849,3.07,3.07,598821
9/4/17,3.013,3.059,2.885,2.89,2.89,666213
9/11/17,2.91,3.106,2.899,3.024,3.024,952466
9/18/17,3.049,3.166,2.942,2.959,2.959,920659
9/25/17,2.932,3.081,2.898,3.007,3.007,634590
10/2/17,3.018,3.025,2.856,2.863,2.863,970298
10/9/17,2.859,3.036,2.827,3,3,1088849
10/16/17,2.96,3.026,2.773,2.915,2.915,1108326
10/23/17,3.001,3.017,2.723,2.752,2.752,648631
10/30/17,2.938,3.006,2.847,2.984,2.984,837101
11/6/17,3.085,3.224,3.051,3.213,3.213,1152943
11/13/17,3.2,3.231,3.046,3.097,3.097,999449
11/20/17,3.07,3.089,2.797,2.813,2.813,528043
11/27/17,2.927,3.218,2.876,3.061,3.061,1088989
12/4/17,3.091,3.127,2.747,2.772,2.772,1284125
12/11/17,2.831,2.848,2.581,2.612,2.612,1162350
12/18/17,2.65,2.778,2.568,2.667,2.667,880129
12/25/17,2.708,3.008,2.598,2.953,2.953,842266
1/1/18,3.03,3.097,2.746,2.795,2.795,1140716
1/8/18,2.812,3.224,2.784,3.2,3.2,1591996
1/15/18,3.131,3.288,3.039,3.185,3.185,1134660
1/22/18,3.252,3.628,3.143,3.505,3.505,866693
1/29/18,3.39,3.661,2.837,2.846,2.846,1401101
2/5/18,2.825,2.88,2.576,2.584,2.584,1033566
2/12/18,2.554,2.642,2.53,2.558,2.558,850843
2/19/18,2.568,2.68,2.555,2.625,2.625,400492
2/26/18,2.635,2.731,2.586,2.695,2.695,758476
3/5/18,2.717,2.793,2.673,2.732,2.732,674645
3/12/18,2.731,2.811,2.664,2.688,2.688,682905
3/19/18,2.683,2.71,2.579,2.591,2.591,537682
3/26/18,2.588,2.764,2.565,2.733,2.733,446994
4/2/18,2.73,2.759,2.65,2.701,2.701,712985
4/9/18,2.679,2.76,2.621,2.735,2.735,966858
4/16/18,2.753,2.79,2.658,2.739,2.739,735773
4/23/18,2.745,2.839,2.706,2.771,2.771,520612
4/30/18,2.763,2.82,2.7,2.711,2.711,696866
5/7/18,2.71,2.82,2.695,2.806,2.806,793360
5/14/18,2.825,2.87,2.78,2.847,2.847,637383
5/21/18,2.826,2.964,2.806,2.939,2.939,563367
5/28/18,2.96,2.988,2.838,2.962,2.962,598975
6/4/18,2.974,2.987,2.873,2.89,2.89,700037
6/11/18,2.927,3.034,2.912,3.022,3.022,824276
6/18/18,3.051,3.053,2.887,2.945,2.945,686529
6/25/18,2.926,3.021,2.897,2.924,2.924,529183
7/2/18,2.92,2.927,2.824,2.858,2.858,522069
7/9/18,2.839,2.865,2.75,2.752,2.752,614045
7/16/18,2.765,2.788,2.704,2.757,2.757,557387
7/23/18,2.737,2.831,2.71,2.822,2.822,382867
7/30/18,2.794,2.862,2.74,2.853,2.853,724077
8/6/18,2.851,2.959,2.822,2.944,2.944,767030
8/13/18,2.936,2.974,2.891,2.946,2.946,587925
8/20/18,2.94,2.993,2.903,2.917,2.917,540331
8/27/18,2.908,2.931,2.841,2.916,2.916,480174
9/3/18,2.862,2.874,2.759,2.776,2.776,609191
9/10/18,2.77,2.869,2.752,2.767,2.767,747828
9/17/18,2.774,2.991,2.772,2.977,2.977,872509
9/24/18,2.973,3.111,2.951,3.008,3.008,787840
10/1/18,3.007,3.261,3.001,3.143,3.143,1090675
10/8/18,3.182,3.368,3.138,3.161,3.161,1199209
10/15/18,3.224,3.34,3.155,3.25,3.25,774905
10/22/18,3.227,3.25,3.102,3.185,3.185,592740
10/29/18,3.139,3.318,3.1,3.284,3.284,787990
11/5/18,3.471,3.824,3.437,3.719,3.719,1114013
11/12/18,3.745,4.929,3.735,4.272,4.272,1681793
11/19/18,4.625,4.864,4.222,4.308,4.308,822281
11/26/18,4.068,4.806,3.99,4.612,4.612,784363
12/3/18,4.527,4.63,4.231,4.488,4.488,770269
12/10/18,4.59,4.666,3.787,3.827,3.827,920614
12/17/18,3.62,3.938,3.516,3.816,3.816,679465
12/24/18,3.758,3.846,3.278,3.303,3.303,363606
12/31/18,3.125,3.14,2.878,3.044,3.044,546908
1/7/19,2.962,3.166,2.91,3.099,3.099,652078
1/14/19,3.325,3.722,3.201,3.482,3.482,919270
1/21/19,3.327,3.361,2.957,3.178,3.178,465942
1/28/19,2.926,2.983,2.73,2.734,2.734,556135
2/4/19,2.705,2.733,2.549,2.583,2.583,656738
2/11/19,2.65,2.744,2.543,2.625,2.625,757096
2/18/19,2.621,2.726,2.6,2.717,2.717,394905
2/25/19,2.757,2.908,2.732,2.859,2.859,570899
3/4/19,2.845,2.896,2.812,2.865,2.865,529223
3/11/19,2.835,2.857,2.752,2.795,2.795,496106
3/18/19,2.786,2.897,2.721,2.753,2.753,502570
3/25/19,2.724,2.77,2.656,2.662,2.662,415638
4/1/19,2.663,2.733,2.632,2.664,2.664,576787
4/8/19,2.659,2.729,2.651,2.66,2.66,648235
4/15/19,2.646,2.653,2.478,2.49,2.49,553952
4/22/19,2.494,2.58,2.439,2.566,2.566,480120
4/29/19,2.578,2.626,2.546,2.567,2.567,502812
5/6/19,2.565,2.647,2.514,2.619,2.619,633845
5/13/19,2.616,2.67,2.586,2.631,2.631,525142
5/20/19,2.626,2.7,2.538,2.598,2.598,604200
5/27/19,2.597,2.643,2.444,2.454,2.454,564401
6/3/19,2.444,2.475,2.305,2.337,2.337,779622
6/10/19,2.335,2.406,2.32,2.387,2.387,794561
6/17/19,2.389,2.418,2.159,2.186,2.186,717662
6/24/19,2.197,2.364,2.195,2.308,2.308,473249
7/1/19,2.33,2.445,2.217,2.418,2.418,574824
7/8/19,2.46,2.489,2.36,2.453,2.453,983916
7/15/19,2.462,2.469,2.242,2.251,2.251,717192
7/22/19,2.242,2.328,2.165,2.169,2.169,485481
7/29/19,2.175,2.333,2.077,2.121,2.121,928875
8/5/19,2.078,2.155,2.029,2.119,2.119,887928
8/12/19,2.124,2.267,2.086,2.2,2.2,813903
8/19/19,2.164,2.238,2.12,2.152,2.152,640851
8/26/19,2.169,2.31,2.159,2.285,2.285,625227
9/2/19,2.288,2.505,2.269,2.496,2.496,871515
9/9/19,2.527,2.648,2.496,2.614,2.614,1150614
9/16/19,2.688,2.71,2.506,2.534,2.534,865472
9/23/19,2.522,2.59,2.38,2.404,2.404,606837
9/30/19,2.38,2.398,2.207,2.352,2.352,1052411
10/7/19,2.333,2.342,2.187,2.214,2.214,1067481
10/14/19,2.238,2.384,2.228,2.32,2.32,850652
10/21/19,2.32,2.342,2.213,2.3,2.3,786684
10/28/19,2.366,2.738,2.346,2.714,2.714,1064204
11/4/19,2.796,2.905,2.753,2.789,2.789,1140992
11/11/19,2.716,2.724,2.57,2.688,2.688,1053314
11/18/19,2.641,2.675,2.501,2.665,2.665,754455
11/25/19,2.689,2.709,2.27,2.281,2.281,701129
12/2/19,2.315,2.51,2.289,2.334,2.334,1152617
12/9/19,2.21,2.348,2.158,2.296,2.296,1242964
12/16/19,2.296,2.377,2.232,2.328,2.328,896687
12/23/19,2.254,2.297,2.138,2.158,2.158,455364
12/30/19,2.247,2.258,2.083,2.13,2.13,550454
1/6/20,2.112,2.234,2.099,2.202,2.202,1072921
1/13/20,2.21,2.255,1.994,2.003,2.003,1153423
1/20/20,1.97,1.98,1.83,1.893,1.893,817706
1/27/20,1.935,1.976,1.812,1.841,1.841,658724
2/3/20,1.852,1.906,1.804,1.858,1.858,1001628
2/10/20,1.813,1.869,1.753,1.837,1.837,1388291
2/17/20,1.88,2.025,1.861,1.905,1.905,1005758
2/24/20,1.884,1.884,1.642,1.684,1.684,803665
3/2/20,1.695,1.847,1.68,1.708,1.708,909841
3/9/20,1.678,1.998,1.61,1.869,1.869,1462678
3/16/20,1.854,1.854,1.555,1.604,1.604,897770
3/23/20,1.533,1.716,1.519,1.634,1.634,435853
3/30/20,1.63,1.731,1.521,1.621,1.621,709011
4/6/20,1.65,1.918,1.63,1.733,1.733,879464
4/13/20,1.752,1.813,1.555,1.753,1.753,979939
4/20/20,1.774,1.974,1.701,1.746,1.746,847552
4/27/20,1.701,2.016,1.593,1.89,1.89,735420
5/4/20,1.961,2.162,1.811,1.823,1.823,1178471
5/11/20,1.838,1.89,1.595,1.646,1.646,1084375
5/18/20,1.725,1.889,1.68,1.731,1.731,777861
5/25/20,1.746,1.896,1.692,1.849,1.849,588472
6/1/20,1.83,1.864,1.742,1.782,1.782,870358
6/8/20,1.81,1.833,1.674,1.731,1.731,979469
6/15/20,1.753,1.761,1.597,1.669,1.669,757896
6/22/20,1.671,1.712,1.432,1.495,1.495,429859
6/29/20,1.567,1.784,1.558,1.734,1.734,775923
7/6/20,1.728,1.924,1.714,1.805,1.805,986278
7/13/20,1.785,1.815,1.69,1.718,1.718,638753
7/20/20,1.7,1.818,1.605,1.808,1.808,609764
7/27/20,1.796,1.928,1.714,1.799,1.799,513706
8/3/20,1.859,2.284,1.852,2.238,2.238,1163529
8/10/20,2.257,2.379,2.085,2.356,2.356,953139
8/17/20,2.392,2.468,2.28,2.448,2.448,679989
8/24/20,2.46,2.743,2.388,2.657,2.657,545375
8/31/20,2.629,2.675,2.415,2.588,2.588,1000715
9/7/20,2.586,2.586,2.246,2.269,2.269,687844
9/14/20,2.306,2.399,1.926,2.048,2.048,775304
9/21/20,1.991,2.32,1.795,2.139,2.139,560340
9/28/20,2.105,2.789,2.02,2.438,2.438,775189
10/5/20,2.455,2.821,2.446,2.741,2.741,961834
10/12/20,2.891,2.955,2.61,2.773,2.773,839479
10/19/20,2.641,3.066,2.638,2.971,2.971,591070
10/26/20,2.941,3.396,2.907,3.354,3.354,510522
11/2/20,3.374,3.393,2.866,2.888,2.888,846931
11/9/20,2.872,3.087,2.821,2.995,2.995,677803
11/16/20,2.871,2.887,2.525,2.65,2.65,660691
11/23/20,2.705,2.963,2.649,2.843,2.843,286564
11/30/20,2.831,2.996,2.462,2.575,2.575,838820
12/7/20,2.456,2.63,2.368,2.591,2.591,992615
12/14/20,2.658,2.724,2.596,2.7,2.7,685427
12/21/20,2.73,2.806,2.515,2.518,2.518,355713
12/28/20,2.311,2.547,2.238,2.539,2.539,385705
1/4/21,2.626,2.77,2.566,2.7,2.7,707105
1/11/21,2.6,2.899,2.589,2.737,2.737,861957
1/18/21,2.652,2.673,2.414,2.446,2.446,508902
1/25/21,2.542,2.773,2.504,2.564,2.564,521408
2/1/21,2.73,3.057,2.712,2.863,2.863,1095489
2/8/21,2.909,3.045,2.741,2.912,2.912,1110549
2/15/21,3.046,3.316,2.976,3.069,3.069,746280
2/22/21,3.01,3.03,2.697,2.771,2.771,456062
3/1/21,2.8,2.887,2.681,2.701,2.701,534295
3/8/21,2.691,2.734,2.584,2.6,2.6,545346
3/15/21,2.558,2.566,2.422,2.535,2.535,545150
3/22/21,2.507,2.592,2.478,2.557,2.557,320264
3/29/21,2.563,2.688,2.53,2.639,2.639,530169
4/5/21,2.593,2.616,2.453,2.526,2.526,684224
4/12/21,2.53,2.7,2.529,2.68,2.68,669802
4/19/21,2.707,2.779,2.657,2.73,2.73,478419
4/26/21,2.71,2.971,2.7,2.931,2.931,431397
5/3/21,2.938,3.001,2.9,2.958,2.958,479983
5/10/21,2.97,3.016,2.881,2.961,2.961,482320