Rank,VT,UB,BB,FX,AA,year,Name,Nation,round_final,round_qual
1,15.066,14.666,13.4,14.2,57.332,2022,317,9,False,True
2,14.2,14.566,13.2,13.8,55.766,2022,343,68,False,True
3,14.6,13.333,13.133,14.066,55.132,2022,163,68,False,True
4,14.2,14.2,12.9,13.5,54.8,2022,269,35,False,True
5,14.4,13.166,12.933,14.1,54.599,2022,170,72,False,True
6,13.0,14.166,13.9,13.4,54.466,2022,305,13,False,True
7,14.233,14.4,12.133,13.6,54.366,2022,13,35,False,True
8,14.3,12.566,13.7,13.6,54.166,2022,279,36,False,True
9,13.366,14.4,12.733,13.666,54.165,2022,285,45,False,True
10,13.833,13.2,12.9,14.2,54.133,2022,136,9,False,True
11,13.666,13.933,13.266,13.266,54.131,2022,114,11,False,True
12,14.466,14.066,11.366,14.1,53.998,2022,173,68,False,True
13,13.666,14.4,12.533,13.266,53.865,2022,282,24,False,True
14,14.266,14.166,13.066,12.3,53.798,2022,14,72,False,True
15,14.466,12.833,12.966,13.333,53.598,2022,304,72,False,True
16,13.6,13.333,13.0,12.933,52.866,2022,145,3,False,True
17,13.0,14.333,12.466,13.066,52.865,2022,356,13,False,True
18,14.033,13.466,12.033,13.166,52.698,2022,79,24,False,True
19,13.233,13.666,12.466,13.1,52.465,2022,384,36,False,True
20,13.966,12.566,12.7,13.2,52.432,2022,230,7,False,True
21,13.2,13.4,12.533,13.2,52.333,2022,367,45,False,True
22,13.666,13.233,12.266,13.1,52.265,2022,17,24,False,True
23,13.0,13.433,12.5,13.3,52.233,2022,26,54,False,True
24,13.2,12.666,12.966,13.2,52.032,2022,210,22,False,True
25,12.8,13.2,12.733,13.1,51.833,2022,216,57,False,True
26,13.566,13.966,10.8,13.466,51.798,2022,256,35,False,True
27,13.8,13.833,11.666,12.466,51.765,2022,130,45,False,True
28,13.166,13.566,12.266,12.733,51.731,2022,321,3,False,True
29,13.233,12.866,12.066,13.066,51.231,2022,250,23,False,True
30,13.3,12.666,11.833,12.9,50.699,2022,245,7,False,True
31,13.4,12.7,11.933,12.6,50.633,2022,185,72,False,True
32,12.966,12.966,11.6,12.833,50.365,2022,286,42,False,True
33,13.0,12.066,11.933,13.0,49.999,2022,40,72,False,True
34,12.933,12.8,11.4,12.833,49.966,2022,80,9,False,True
35,13.733,12.066,11.5,12.6,49.899,2022,76,19,False,True
36,13.0,13.033,11.766,12.1,49.899,2022,237,58,False,True
37,12.733,12.5,11.566,12.9,49.699,2022,1,23,False,True
38,13.2,10.8,12.766,12.833,49.599,2022,150,29,False,True
39,13.633,13.4,10.5,12.033,49.566,2022,7,42,False,True
40,12.833,12.866,11.333,12.533,49.565,2022,181,7,False,True
41,13.7,10.266,12.633,12.833,49.432,2022,224,34,False,True
42,12.566,12.466,12.6,11.8,49.432,2022,287,62,False,True
43,12.8,12.133,11.833,12.633,49.399,2022,320,1,False,True
44,12.7,12.5,11.933,12.233,49.366,2022,338,4,False,True
45,12.9,12.666,11.1,12.6,49.266,2022,33,18,False,True
46,12.8,12.333,11.233,12.9,49.266,2022,167,4,False,True
47,12.6,13.1,11.3,12.2,49.2,2022,72,55,False,True
48,13.0,12.5,10.7,12.8,49.0,2022,182,23,False,True
49,13.066,12.866,10.466,12.6,48.998,2022,369,62,False,True
50,12.3,11.3,13.0,12.266,48.866,2022,366,72,False,True
51,12.6,13.066,10.5,12.633,48.799,2022,126,57,False,True
52,12.766,12.0,12.033,12.0,48.799,2022,393,21,False,True
53,12.733,11.633,12.133,12.266,48.765,2022,294,29,False,True
54,12.433,12.5,11.033,12.6,48.566,2022,121,22,False,True
55,12.7,12.1,11.833,11.7,48.333,2022,262,46,False,True
56,12.833,12.266,11.7,11.5,48.299,2022,391,58,False,True
57,13.1,12.233,11.366,11.533,48.232,2022,97,29,False,True
58,12.8,10.666,11.966,12.666,48.098,2022,31,54,False,True
59,12.266,11.733,11.766,12.166,47.931,2022,248,72,False,True
60,12.333,12.8,11.0,11.766,47.899,2022,164,21,False,True
61,12.666,12.366,10.566,12.3,47.898,2022,288,55,False,True
62,12.7,11.0,11.833,12.333,47.866,2022,390,66,False,True
63,13.1,10.366,12.366,12.0,47.832,2022,154,32,False,True
64,12.5,10.866,11.533,12.833,47.732,2022,85,4,False,True
65,13.066,12.033,9.833,12.766,47.698,2022,319,30,False,True
66,12.433,11.6,11.666,11.966,47.665,2022,61,65,False,True
67,12.433,12.0,10.7,12.466,47.599,2022,37,60,False,True
68,12.1,12.0,11.2,12.266,47.566,2022,83,40,False,True
69,12.633,11.766,10.966,12.133,47.498,2022,270,1,False,True
70,12.433,11.366,11.333,12.3,47.432,2022,178,46,False,True
71,11.866,11.633,11.7,12.2,47.399,2022,340,65,False,True
72,13.066,10.6,11.566,12.166,47.398,2022,373,66,False,True
73,12.833,11.733,11.533,11.2,47.299,2022,123,32,False,True
74,12.766,10.566,11.033,12.566,46.931,2022,308,22,False,True
75,13.1,12.166,9.2,12.4,46.866,2022,300,34,False,True
76,12.666,10.9,11.4,11.8,46.766,2022,9,20,False,True
77,11.766,11.6,11.066,12.333,46.765,2022,8,37,False,True
78,13.066,10.033,11.133,12.5,46.732,2022,301,6,False,True
79,12.233,11.6,10.966,11.566,46.365,2022,264,52,False,True
80,11.766,12.033,10.3,12.2,46.299,2022,19,62,False,True
81,12.066,11.033,11.6,11.433,46.132,2022,361,33,False,True
82,12.566,11.3,10.666,11.5,46.032,2022,283,56,False,True
83,12.3,12.266,9.766,11.633,45.965,2022,28,49,False,True
84,12.5,12.233,10.966,10.033,45.732,2022,215,57,False,True
85,11.133,10.966,10.866,12.566,45.531,2022,206,72,False,True
86,12.066,11.833,9.933,11.666,45.498,2022,318,47,False,True
87,12.166,11.1,10.366,11.733,45.365,2022,329,23,False,True
88,11.733,10.833,10.966,11.833,45.365,2022,195,47,False,True
89,12.2,11.766,9.666,11.7,45.332,2022,276,70,False,True
90,11.6,10.9,10.5,12.266,45.266,2022,165,21,False,True
91,12.2,10.866,10.5,11.633,45.199,2022,259,66,False,True
92,12.2,10.833,10.433,11.666,45.132,2022,200,18,False,True
93,13.066,11.066,8.833,12.133,45.098,2022,187,48,False,True
94,12.4,10.766,10.066,11.833,45.065,2022,291,53,False,True
95,13.666,10.333,8.833,12.2,45.032,2022,137,12,False,True
96,11.6,10.933,11.133,11.333,44.999,2022,358,17,False,True
97,11.4,10.2,11.266,12.033,44.899,2022,337,63,False,True
98,12.3,10.666,10.1,11.0,44.066,2022,311,16,False,True
99,12.066,9.833,10.133,12.033,44.065,2022,157,33,False,True
100,11.833,9.566,12.333,10.2,43.932,2022,115,26,False,True
101,13.0,8.566,10.333,11.7,43.599,2022,42,64,False,True
102,12.033,10.466,10.233,10.733,43.465,2022,205,0,False,True
103,11.8,10.133,11.133,10.133,43.199,2022,139,19,False,True
104,11.6,9.4,10.1,11.866,42.966,2022,303,69,False,True
105,12.0,10.566,8.5,11.466,42.532,2022,132,0,False,True
106,12.033,9.9,9.566,10.766,42.265,2022,138,15,False,True
107,11.666,10.633,9.2,10.3,41.799,2022,203,37,False,True
108,12.166,7.566,10.533,11.133,41.398,2022,357,43,False,True
109,14.0,0.0,13.466,13.066,40.532,2022,326,36,False,True
110,12.9,14.6,0.0,12.733,40.233,2022,379,13,False,True
111,13.9,14.133,12.1,0.0,40.133,2022,146,72,False,True
112,0.0,12.566,13.733,13.6,39.899,2022,348,68,False,True
113,0.0,12.8,13.666,13.3,39.766,2022,266,24,False,True
114,13.4,12.866,0.0,13.266,39.532,2022,212,11,False,True
115,14.366,0.0,12.466,12.633,39.465,2022,386,57,False,True
116,0.0,13.233,13.6,12.533,39.366,2022,378,36,False,True
117,0.0,13.166,12.866,13.3,39.332,2022,354,11,False,True
118,13.833,0.0,12.833,12.366,39.032,2022,394,13,False,True
119,13.633,12.8,12.533,0.0,38.966,2022,124,11,False,True
120,0.0,13.333,12.933,12.666,38.932,2022,122,72,False,True
121,13.9,0.0,11.7,12.9,38.5,2022,100,11,False,True
122,12.466,0.0,12.533,12.633,37.632,2022,81,42,False,True
123,13.0,13.4,0.0,11.133,37.533,2022,147,3,False,True
124,12.766,12.733,0.0,12.033,37.532,2022,347,1,False,True
125,13.333,0.0,11.966,12.066,37.365,2022,67,3,False,True
126,13.3,0.0,11.6,12.233,37.133,2022,213,72,False,True
127,13.0,0.0,11.233,11.9,36.133,2022,128,45,False,True
128,12.666,0.0,10.8,12.1,35.566,2022,217,1,False,True
129,0.0,12.066,11.066,12.033,35.165,2022,309,42,False,True
130,11.666,0.0,9.566,11.766,32.998,2022,293,16,False,True
131,11.566,11.033,0.0,10.1,32.699,2022,339,46,False,True
132,0.0,9.333,11.566,11.633,32.532,2022,48,26,False,True
133,0.0,10.766,7.866,12.1,30.732,2022,275,5,False,True
134,11.533,0.0,9.8,9.2,30.533,2022,327,5,False,True
135,0.0,8.4,9.6,11.7,29.7,2022,112,43,False,True
136,13.466,14.4,0.0,0.0,27.866,2022,111,72,False,True
137,0.0,14.7,12.566,0.0,27.266,2022,295,7,False,True
138,13.333,13.5,0.0,0.0,26.833,2022,140,36,False,True
139,13.3,0.0,13.533,0.0,26.833,2022,404,29,False,True
140,13.7,0.0,0.0,12.933,26.633,2022,376,35,False,True
141,0.0,14.166,12.3,0.0,26.466,2022,149,35,False,True
142,0.0,0.0,12.466,13.466,25.932,2022,177,9,False,True
143,12.666,13.233,0.0,0.0,25.899,2022,234,9,False,True
144,0.0,14.9,10.766,0.0,25.666,2022,241,13,False,True
145,12.833,0.0,0.0,12.266,25.099,2022,388,7,False,True
146,12.1,12.833,0.0,0.0,24.933,2022,95,42,False,True
147,0.0,14.066,10.733,0.0,24.799,2022,188,3,False,True
148,12.866,0.0,11.733,0.0,24.599,2022,208,22,False,True
149,0.0,13.0,11.533,0.0,24.533,2022,116,62,False,True
150,12.333,0.0,0.0,11.833,24.166,2022,255,62,False,True
151,0.0,11.833,12.1,0.0,23.933,2022,68,1,False,True
152,0.0,11.666,12.066,0.0,23.732,2022,260,46,False,True
153,0.0,11.066,0.0,12.0,23.066,2022,249,22,False,True
154,0.0,0.0,11.533,11.233,22.766,2022,159,72,False,True
155,0.0,11.466,11.1,0.0,22.566,2022,18,4,False,True
156,0.0,0.0,10.966,11.1,22.066,2022,236,18,False,True
157,0.0,0.0,10.2,11.733,21.933,2022,102,66,False,True
158,12.7,8.133,0.0,0.0,20.833,2022,381,72,False,True
159,0.0,10.833,8.466,0.0,19.299,2022,46,12,False,True
160,0.0,14.533,0.0,0.0,14.533,2022,330,45,False,True
161,14.433,0.0,0.0,0.0,14.433,2022,96,24,False,True
162,13.766,0.0,0.0,0.0,13.766,2022,214,68,False,True
163,0.0,13.766,0.0,0.0,13.766,2022,403,29,False,True
164,13.733,0.0,0.0,0.0,13.733,2022,284,21,False,True
165,0.0,0.0,0.0,13.6,13.6,2022,168,72,False,True
166,12.8,0.0,0.0,0.0,12.8,2022,312,31,False,True
167,0.0,12.8,0.0,0.0,12.8,2022,344,57,False,True
168,0.0,12.766,0.0,0.0,12.766,2022,385,66,False,True
169,12.7,0.0,0.0,0.0,12.7,2022,62,4,False,True
170,12.566,0.0,0.0,0.0,12.566,2022,359,58,False,True
171,12.366,0.0,0.0,0.0,12.366,2022,253,46,False,True
172,12.333,0.0,0.0,0.0,12.333,2022,313,31,False,True
173,0.0,0.0,10.266,0.0,10.266,2022,34,28,False,True
174,0.0,0.0,10.033,0.0,10.033,2022,84,28,False,True
175,0.0,9.933,0.0,0.0,9.933,2022,104,69,False,True
176,0.0,9.7,0.0,0.0,9.7,2022,202,26,False,True
177,0.0,0.0,0.0,6.7,6.7,2022,277,59,False,True
1,15.066,14.666,13.4,14.2,57.332,2022,317,9,True,False
2,14.2,14.566,13.2,13.8,55.766,2022,343,68,True,False
3,14.6,13.333,13.133,14.066,55.132,2022,163,68,True,False
4,14.2,14.2,12.9,13.5,54.8,2022,269,35,True,False
5,14.4,13.166,12.933,14.1,54.599,2022,170,72,True,False
6,13.0,14.166,13.9,13.4,54.466,2022,305,13,True,False
7,14.233,14.4,12.133,13.6,54.366,2022,13,35,True,False
8,14.3,12.566,13.7,13.6,54.166,2022,279,36,True,False
9,13.366,14.4,12.733,13.666,54.165,2022,285,45,True,False
10,13.833,13.2,12.9,14.2,54.133,2022,136,9,True,False
11,13.666,13.933,13.266,13.266,54.131,2022,114,11,True,False
12,14.466,14.066,11.366,14.1,53.998,2022,173,68,True,False
13,13.666,14.4,12.533,13.266,53.865,2022,282,24,True,False
14,14.266,14.166,13.066,12.3,53.798,2022,14,72,True,False
15,14.466,12.833,12.966,13.333,53.598,2022,304,72,True,False
16,13.6,13.333,13.0,12.933,52.866,2022,145,3,True,False
17,13.0,14.333,12.466,13.066,52.865,2022,356,13,True,False
18,14.033,13.466,12.033,13.166,52.698,2022,79,24,True,False
19,13.233,13.666,12.466,13.1,52.465,2022,384,36,True,False
20,13.966,12.566,12.7,13.2,52.432,2022,230,7,True,False
21,13.2,13.4,12.533,13.2,52.333,2022,367,45,True,False
22,13.666,13.233,12.266,13.1,52.265,2022,17,24,True,False
23,13.0,13.433,12.5,13.3,52.233,2022,26,54,True,False
24,13.2,12.666,12.966,13.2,52.032,2022,210,22,True,False
25,12.8,13.2,12.733,13.1,51.833,2022,216,57,True,False
26,13.566,13.966,10.8,13.466,51.798,2022,256,35,True,False
27,13.8,13.833,11.666,12.466,51.765,2022,130,45,True,False
28,13.166,13.566,12.266,12.733,51.731,2022,321,3,True,False
29,13.233,12.866,12.066,13.066,51.231,2022,250,23,True,False
30,13.3,12.666,11.833,12.9,50.699,2022,245,7,True,False
31,13.4,12.7,11.933,12.6,50.633,2022,185,72,True,False
32,12.966,12.966,11.6,12.833,50.365,2022,286,42,True,False
33,13.0,12.066,11.933,13.0,49.999,2022,40,72,True,False
34,12.933,12.8,11.4,12.833,49.966,2022,80,9,True,False
35,13.733,12.066,11.5,12.6,49.899,2022,76,19,True,False
36,13.0,13.033,11.766,12.1,49.899,2022,237,58,True,False
37,12.733,12.5,11.566,12.9,49.699,2022,1,23,True,False
38,13.2,10.8,12.766,12.833,49.599,2022,150,29,True,False
39,13.633,13.4,10.5,12.033,49.566,2022,7,42,True,False
40,12.833,12.866,11.333,12.533,49.565,2022,181,7,True,False
41,13.7,10.266,12.633,12.833,49.432,2022,224,34,True,False
42,12.566,12.466,12.6,11.8,49.432,2022,287,62,True,False
43,12.8,12.133,11.833,12.633,49.399,2022,320,1,True,False
44,12.7,12.5,11.933,12.233,49.366,2022,338,4,True,False
45,12.9,12.666,11.1,12.6,49.266,2022,33,18,True,False
46,12.8,12.333,11.233,12.9,49.266,2022,167,4,True,False
47,12.6,13.1,11.3,12.2,49.2,2022,72,55,True,False
48,13.0,12.5,10.7,12.8,49.0,2022,182,23,True,False
49,13.066,12.866,10.466,12.6,48.998,2022,369,62,True,False
50,12.3,11.3,13.0,12.266,48.866,2022,366,72,True,False
51,12.6,13.066,10.5,12.633,48.799,2022,126,57,True,False
52,12.766,12.0,12.033,12.0,48.799,2022,393,21,True,False
53,12.733,11.633,12.133,12.266,48.765,2022,294,29,True,False
54,12.433,12.5,11.033,12.6,48.566,2022,121,22,True,False
55,12.7,12.1,11.833,11.7,48.333,2022,262,46,True,False
56,12.833,12.266,11.7,11.5,48.299,2022,391,58,True,False
57,13.1,12.233,11.366,11.533,48.232,2022,97,29,True,False
58,12.8,10.666,11.966,12.666,48.098,2022,31,54,True,False
59,12.266,11.733,11.766,12.166,47.931,2022,248,72,True,False
60,12.333,12.8,11.0,11.766,47.899,2022,164,21,True,False
61,12.666,12.366,10.566,12.3,47.898,2022,288,55,True,False
62,12.7,11.0,11.833,12.333,47.866,2022,390,66,True,False
63,13.1,10.366,12.366,12.0,47.832,2022,154,32,True,False
64,12.5,10.866,11.533,12.833,47.732,2022,85,4,True,False
65,13.066,12.033,9.833,12.766,47.698,2022,319,30,True,False
66,12.433,11.6,11.666,11.966,47.665,2022,61,65,True,False
67,12.433,12.0,10.7,12.466,47.599,2022,37,60,True,False
68,12.1,12.0,11.2,12.266,47.566,2022,83,40,True,False
69,12.633,11.766,10.966,12.133,47.498,2022,270,1,True,False
70,12.433,11.366,11.333,12.3,47.432,2022,178,46,True,False
71,11.866,11.633,11.7,12.2,47.399,2022,340,65,True,False
72,13.066,10.6,11.566,12.166,47.398,2022,373,66,True,False
73,12.833,11.733,11.533,11.2,47.299,2022,123,32,True,False
74,12.766,10.566,11.033,12.566,46.931,2022,308,22,True,False
75,13.1,12.166,9.2,12.4,46.866,2022,300,34,True,False
76,12.666,10.9,11.4,11.8,46.766,2022,9,20,True,False
77,11.766,11.6,11.066,12.333,46.765,2022,8,37,True,False
78,13.066,10.033,11.133,12.5,46.732,2022,301,6,True,False
79,12.233,11.6,10.966,11.566,46.365,2022,264,52,True,False
80,11.766,12.033,10.3,12.2,46.299,2022,19,62,True,False
81,12.066,11.033,11.6,11.433,46.132,2022,361,33,True,False
82,12.566,11.3,10.666,11.5,46.032,2022,283,56,True,False
83,12.3,12.266,9.766,11.633,45.965,2022,28,49,True,False
84,12.5,12.233,10.966,10.033,45.732,2022,215,57,True,False
85,11.133,10.966,10.866,12.566,45.531,2022,206,72,True,False
86,12.066,11.833,9.933,11.666,45.498,2022,318,47,True,False
87,12.166,11.1,10.366,11.733,45.365,2022,329,23,True,False
88,11.733,10.833,10.966,11.833,45.365,2022,195,47,True,False
89,12.2,11.766,9.666,11.7,45.332,2022,276,70,True,False
90,11.6,10.9,10.5,12.266,45.266,2022,165,21,True,False
91,12.2,10.866,10.5,11.633,45.199,2022,259,66,True,False
92,12.2,10.833,10.433,11.666,45.132,2022,200,18,True,False
93,13.066,11.066,8.833,12.133,45.098,2022,187,48,True,False
94,12.4,10.766,10.066,11.833,45.065,2022,291,53,True,False
95,13.666,10.333,8.833,12.2,45.032,2022,137,12,True,False
96,11.6,10.933,11.133,11.333,44.999,2022,358,17,True,False
97,11.4,10.2,11.266,12.033,44.899,2022,337,63,True,False
98,12.3,10.666,10.1,11.0,44.066,2022,311,16,True,False
99,12.066,9.833,10.133,12.033,44.065,2022,157,33,True,False
100,11.833,9.566,12.333,10.2,43.932,2022,115,26,True,False
101,13.0,8.566,10.333,11.7,43.599,2022,42,64,True,False
102,12.033,10.466,10.233,10.733,43.465,2022,205,0,True,False
103,11.8,10.133,11.133,10.133,43.199,2022,139,19,True,False
104,11.6,9.4,10.1,11.866,42.966,2022,303,69,True,False
105,12.0,10.566,8.5,11.466,42.532,2022,132,0,True,False
106,12.033,9.9,9.566,10.766,42.265,2022,138,15,True,False
107,11.666,10.633,9.2,10.3,41.799,2022,203,37,True,False
108,12.166,7.566,10.533,11.133,41.398,2022,357,43,True,False
109,14.0,0.0,13.466,13.066,40.532,2022,326,36,True,False
110,12.9,14.6,0.0,12.733,40.233,2022,379,13,True,False
111,13.9,14.133,12.1,0.0,40.133,2022,146,72,True,False
112,0.0,12.566,13.733,13.6,39.899,2022,348,68,True,False
113,0.0,12.8,13.666,13.3,39.766,2022,266,24,True,False
114,13.4,12.866,0.0,13.266,39.532,2022,212,11,True,False
115,14.366,0.0,12.466,12.633,39.465,2022,386,57,True,False
116,0.0,13.233,13.6,12.533,39.366,2022,378,36,True,False
117,0.0,13.166,12.866,13.3,39.332,2022,354,11,True,False
118,13.833,0.0,12.833,12.366,39.032,2022,394,13,True,False
119,13.633,12.8,12.533,0.0,38.966,2022,124,11,True,False
120,0.0,13.333,12.933,12.666,38.932,2022,122,72,True,False
121,13.9,0.0,11.7,12.9,38.5,2022,100,11,True,False
122,12.466,0.0,12.533,12.633,37.632,2022,81,42,True,False
123,13.0,13.4,0.0,11.133,37.533,2022,147,3,True,False
124,12.766,12.733,0.0,12.033,37.532,2022,347,1,True,False
125,13.333,0.0,11.966,12.066,37.365,2022,67,3,True,False
126,13.3,0.0,11.6,12.233,37.133,2022,213,72,True,False
127,13.0,0.0,11.233,11.9,36.133,2022,128,45,True,False
128,12.666,0.0,10.8,12.1,35.566,2022,217,1,True,False
129,0.0,12.066,11.066,12.033,35.165,2022,309,42,True,False
130,11.666,0.0,9.566,11.766,32.998,2022,293,16,True,False
131,11.566,11.033,0.0,10.1,32.699,2022,339,46,True,False
132,0.0,9.333,11.566,11.633,32.532,2022,48,26,True,False
133,0.0,10.766,7.866,12.1,30.732,2022,275,5,True,False
134,11.533,0.0,9.8,9.2,30.533,2022,327,5,True,False
135,0.0,8.4,9.6,11.7,29.7,2022,112,43,True,False
136,13.466,14.4,0.0,0.0,27.866,2022,111,72,True,False
137,0.0,14.7,12.566,0.0,27.266,2022,295,7,True,False
138,13.333,13.5,0.0,0.0,26.833,2022,140,36,True,False
139,13.3,0.0,13.533,0.0,26.833,2022,404,29,True,False
140,13.7,0.0,0.0,12.933,26.633,2022,376,35,True,False
141,0.0,14.166,12.3,0.0,26.466,2022,149,35,True,False
142,0.0,0.0,12.466,13.466,25.932,2022,177,9,True,False
143,12.666,13.233,0.0,0.0,25.899,2022,234,9,True,False
144,0.0,14.9,10.766,0.0,25.666,2022,241,13,True,False
145,12.833,0.0,0.0,12.266,25.099,2022,388,7,True,False
146,12.1,12.833,0.0,0.0,24.933,2022,95,42,True,False
147,0.0,14.066,10.733,0.0,24.799,2022,188,3,True,False
148,12.866,0.0,11.733,0.0,24.599,2022,208,22,True,False
149,0.0,13.0,11.533,0.0,24.533,2022,116,62,True,False
150,12.333,0.0,0.0,11.833,24.166,2022,255,62,True,False
151,0.0,11.833,12.1,0.0,23.933,2022,68,1,True,False
152,0.0,11.666,12.066,0.0,23.732,2022,260,46,True,False
153,0.0,11.066,0.0,12.0,23.066,2022,249,22,True,False
154,0.0,0.0,11.533,11.233,22.766,2022,159,72,True,False
155,0.0,11.466,11.1,0.0,22.566,2022,18,4,True,False
156,0.0,0.0,10.966,11.1,22.066,2022,236,18,True,False
157,0.0,0.0,10.2,11.733,21.933,2022,102,66,True,False
158,12.7,8.133,0.0,0.0,20.833,2022,381,72,True,False
159,0.0,10.833,8.466,0.0,19.299,2022,46,12,True,False
160,0.0,14.533,0.0,0.0,14.533,2022,330,45,True,False
161,14.433,0.0,0.0,0.0,14.433,2022,96,24,True,False
162,13.766,0.0,0.0,0.0,13.766,2022,214,68,True,False
163,0.0,13.766,0.0,0.0,13.766,2022,403,29,True,False
164,13.733,0.0,0.0,0.0,13.733,2022,284,21,True,False
165,0.0,0.0,0.0,13.6,13.6,2022,168,72,True,False
166,12.8,0.0,0.0,0.0,12.8,2022,312,31,True,False
167,0.0,12.8,0.0,0.0,12.8,2022,344,57,True,False
168,0.0,12.766,0.0,0.0,12.766,2022,385,66,True,False
169,12.7,0.0,0.0,0.0,12.7,2022,62,4,True,False
170,12.566,0.0,0.0,0.0,12.566,2022,359,58,True,False
171,12.366,0.0,0.0,0.0,12.366,2022,253,46,True,False
172,12.333,0.0,0.0,0.0,12.333,2022,313,31,True,False
173,0.0,0.0,10.266,0.0,10.266,2022,34,28,True,False
174,0.0,0.0,10.033,0.0,10.033,2022,84,28,True,False
175,0.0,9.933,0.0,0.0,9.933,2022,104,69,True,False
176,0.0,9.7,0.0,0.0,9.7,2022,202,26,True,False
177,0.0,0.0,0.0,6.7,6.7,2022,277,59,True,False
1,14.1,12.45,14.6,13.15,54.3,2022,201,72,True,False
2,13.8,13.15,13.5,13.25,53.7,2022,348,72,True,False
3,13.75,12.2,13.7,13.5,53.15,2022,120,72,True,False
4,13.9,12.6,13.5,12.85,52.85,2022,53,72,True,False
5,13.8,12.75,13.05,13.05,52.65,2022,190,72,True,False
5,12.85,13.95,13.05,12.8,52.65,2022,297,72,True,False
7,13.35,12.9,12.65,13.15,52.05,2022,186,72,True,False
8,13.45,13.25,12.7,12.5,51.9,2022,220,72,True,False
9,13.1,13.0,13.1,12.6,51.8,2022,353,72,True,False
10,13.0,13.45,12.35,12.75,51.55,2022,113,72,True,False
11,13.7,13.2,12.55,11.8,51.25,2022,2,72,True,False
12,13.55,13.05,12.0,12.3,50.9,2022,69,72,True,False
13,13.6,11.6,12.3,13.0,50.5,2022,191,72,True,False
14,13.65,13.1,10.95,12.65,50.35,2022,402,72,True,False
15,14.05,11.85,11.35,13.0,50.25,2022,221,72,True,False
16,13.2,12.9,12.25,11.85,50.2,2022,94,72,True,False
17,13.0,10.8,12.9,12.4,49.1,2022,267,72,True,False
18,13.7,12.65,10.6,12.1,49.05,2022,86,72,True,False
19,12.65,13.55,11.7,11.05,48.95,2022,306,72,True,False
19,12.35,12.8,12.15,11.65,48.95,2022,349,72,True,False
21,12.9,9.75,13.4,12.65,48.7,2022,175,72,True,False
22,13.15,10.05,11.15,12.35,46.7,2022,23,72,True,False
23,12.85,13.45,12.4,0.0,38.7,2022,211,72,True,False
24,14.25,0.0,0.0,11.65,25.9,2022,77,72,True,False
25,12.65,10.75,0.0,0.0,23.4,2022,5,72,True,False
26,0.0,0.0,12.7,0.0,12.7,2022,193,72,True,False
1,12.9,14.4,14.0,13.7,55.0,2022,356,13,True,False
2,13.05,14.3,13.85,13.05,54.25,2022,305,13,True,False
3,13.5,14.25,13.75,11.95,53.45,2022,156,13,True,False
4,12.75,14.05,13.75,13.0,53.55,2022,382,13,True,False
5,12.95,14.9,13.3,12.55,53.7,2022,379,13,True,False
6,13.0,13.75,14.05,12.8,53.6,2022,398,13,True,False
7,12.9,12.6,12.3,13.1,50.9,2022,314,13,True,False
8,13.7,12.25,13.85,12.7,52.5,2022,394,13,True,False
9,13.1,11.75,13.5,12.9,51.25,2022,395,13,True,False
10,12.95,13.9,12.4,12.4,51.65,2022,389,13,True,False
11,12.9,13.8,12.55,11.4,50.65,2022,405,13,True,False
12,12.65,12.2,12.8,13.15,50.8,2022,399,13,True,False
13,12.35,12.75,12.45,12.75,50.3,2022,397,13,True,False
14,12.85,12.0,11.75,12.4,49.0,2022,87,13,True,False
15,12.9,13.15,10.35,12.15,48.55,2022,171,13,True,False
16,12.8,11.4,12.0,12.6,48.8,2022,380,13,True,False
17,12.8,11.5,11.7,12.75,48.75,2022,401,13,True,False
18,12.2,12.6,11.55,11.85,48.2,2022,231,13,True,False
19,12.6,12.35,12.05,12.2,49.2,2022,396,13,True,False
20,11.7,11.95,12.3,12.4,48.35,2022,362,13,True,False
21,10.8,12.25,12.75,12.05,47.85,2022,228,13,True,False
22,11.75,12.8,12.15,10.55,47.25,2022,377,13,True,False
23,12.95,0.0,13.25,13.1,39.3,2022,63,13,True,False
1,13.766,13.9,13.5,13.566,54.732,2022,54,35,True,False
2,13.6,13.966,13.033,13.533,54.132,2022,14,72,True,False
3,13.666,13.066,13.4,13.833,53.965,2022,269,35,True,False
4,13.8,13.733,13.4,12.766,53.699,2022,79,24,True,False
5,14.2,13.5,12.933,13.066,53.699,2022,230,7,True,False
6,13.133,14.266,12.233,13.633,53.265,2022,285,45,True,False
7,12.733,13.5,13.533,13.266,53.032,2022,26,54,True,False
8,13.1,14.2,12.833,12.866,52.999,2022,198,72,True,False
9,14.066,13.366,11.9,13.433,52.765,2022,404,29,True,False
10,13.866,12.833,12.233,13.766,52.698,2022,170,72,True,False
11,13.333,13.466,12.533,12.866,52.198,2022,250,23,True,False
12,13.266,12.833,13.1,12.933,52.132,2022,10,22,True,False
12,13.933,12.233,13.266,12.666,52.098,2022,304,72,True,False
13,12.966,13.1,13.5,12.466,52.032,2022,122,72,True,False
14,14.333,12.5,12.166,12.8,51.799,2022,17,24,True,False
15,13.566,12.8,12.5,12.633,51.499,2022,375,45,True,False
15,13.433,13.1,12.266,12.1,50.899,2022,336,72,True,False
15,12.833,13.2,11.3,13.0,50.333,2022,367,45,True,False
16,13.5,12.333,11.733,12.6,50.166,2022,224,34,True,False
17,12.3,13.033,12.5,12.3,50.133,2022,287,62,True,False
18,12.933,11.6,12.833,12.7,50.066,2022,150,29,True,False
19,12.6,12.1,12.466,12.733,49.899,2022,31,54,True,False
20,13.733,11.966,11.533,12.533,49.765,2022,76,19,True,False
21,13.266,12.866,11.3,12.233,49.665,2022,329,23,True,False
21,13.3,10.433,12.466,13.2,49.399,2022,280,24,True,False
22,11.8,13.0,11.733,12.733,49.266,2022,210,22,True,False
23,12.733,12.6,12.233,11.666,49.232,2022,338,4,True,False
23,12.8,11.833,11.866,12.7,49.199,2022,121,22,True,False
24,12.866,12.0,12.9,11.366,49.132,2022,262,46,True,False
25,12.833,12.533,11.4,12.366,49.132,2022,373,66,True,False
26,12.733,12.866,12.366,11.133,49.098,2022,369,62,True,False
27,12.7,11.766,12.366,12.033,48.865,2022,390,66,True,False
27,13.1,12.033,11.033,12.533,48.699,2022,182,23,True,False
28,12.333,12.066,11.866,12.433,48.698,2022,167,4,True,False
29,12.9,11.466,12.366,11.933,48.665,2022,237,58,True,False
29,12.1,13.066,11.4,12.033,48.599,2022,278,29,True,False
29,12.566,12.666,11.633,11.566,48.431,2022,385,66,True,False
30,12.766,11.166,12.033,12.433,48.398,2022,154,32,True,False
30,12.566,11.8,12.033,11.7,48.099,2022,78,4,True,False
31,12.8,11.5,10.833,12.566,47.699,2022,33,18,True,False
32,12.733,11.266,12.066,11.633,47.698,2022,391,58,True,False
33,12.333,11.733,12.233,11.133,47.432,2022,361,33,True,False
34,12.2,11.333,11.766,12.1,47.399,2022,200,18,True,False
34,12.933,10.4,11.966,12.066,47.365,2022,105,18,True,False
34,12.5,12.4,11.066,11.333,47.299,2022,45,54,True,False
35,12.3,11.2,11.8,11.966,47.266,2022,178,46,True,False
35,12.733,12.633,9.7,12.1,47.166,2022,1,23,True,False
36,12.933,10.133,12.3,11.766,47.132,2022,123,32,True,False
36,11.566,11.933,11.266,12.0,46.765,2022,19,62,True,False
37,12.3,11.533,11.2,11.7,46.733,2022,264,52,True,False
37,12.866,11.133,12.533,10.066,46.598,2022,345,54,True,False
37,12.933,10.8,11.566,11.133,46.432,2022,180,46,True,False
38,13.766,10.266,11.033,11.033,46.098,2022,372,10,True,False
39,12.066,11.466,10.766,11.8,46.098,2022,340,65,True,False
40,11.366,11.833,11.3,11.566,46.065,2022,117,51,True,False
41,13.166,12.433,9.233,11.166,45.998,2022,300,34,True,False
42,12.3,12.133,9.1,12.333,45.866,2022,37,60,True,False
43,11.566,10.833,11.5,11.733,45.632,2022,139,19,True,False
44,12.666,11.233,10.466,11.233,45.598,2022,61,65,True,False
45,11.766,11.4,10.4,12.0,45.566,2022,115,26,True,False
46,11.666,11.0,11.766,11.1,45.532,2022,358,17,True,False
47,12.266,9.766,12.033,11.3,45.365,2022,357,43,True,False
48,11.766,9.666,11.166,11.8,44.398,2022,157,33,True,False
49,12.166,10.666,10.966,10.433,44.231,2022,311,16,True,False
50,12.466,11.033,10.566,9.9,43.965,2022,70,51,True,False
51,12.333,10.7,10.133,10.766,43.932,2022,83,40,True,False
52,11.666,10.166,11.166,10.833,43.831,2022,293,16,True,False
53,13.0,10.066,8.666,11.866,43.598,2022,227,60,True,False
53,11.833,10.4,9.8,11.433,43.466,2022,334,16,True,False
54,12.533,9.933,9.433,11.466,43.365,2022,335,61,True,False
54,12.866,11.1,9.6,9.733,43.299,2022,65,65,True,False
55,12.066,10.633,8.733,11.7,43.132,2022,222,52,True,False
55,11.466,8.2,11.566,11.8,43.032,2022,246,52,True,False
56,12.4,9.1,11.633,9.566,42.699,2022,371,39,True,False
57,11.566,10.533,9.666,10.7,42.465,2022,48,26,True,False
58,11.9,9.4,9.5,11.266,42.066,2022,112,43,True,False
59,11.533,8.133,11.066,11.066,41.798,2022,315,61,True,False
59,13.666,14.566,0.0,13.5,41.732,2022,13,35,True,False
59,11.566,10.5,7.933,11.666,41.665,2022,6,33,True,False
60,11.5,9.966,9.5,10.366,41.332,2022,275,5,True,False
61,12.166,8.166,9.466,11.433,41.231,2022,51,38,True,False
62,11.366,9.433,10.033,10.166,40.998,2022,36,25,True,False
63,11.566,8.966,10.0,10.433,40.965,2022,172,44,True,False
64,12.066,8.633,8.233,10.8,39.732,2022,30,38,True,False
64,13.133,0.0,12.666,13.633,39.432,2022,35,35,True,False
64,12.7,12.933,12.933,0.0,38.566,2022,299,7,True,False
64,13.2,0.0,13.0,12.366,38.566,2022,266,24,True,False
65,11.733,7.366,9.1,10.266,38.465,2022,327,5,True,False
66,12.733,0.0,13.0,12.566,38.299,2022,181,7,True,False
67,12.966,13.133,0.0,11.7,37.799,2022,245,7,True,False
68,12.5,0.0,11.866,12.6,36.966,2022,153,65,True,False
69,12.933,0.0,12.0,12.0,36.933,2022,232,22,True,False
70,12.8,0.0,11.3,12.533,36.633,2022,88,60,True,False
71,11.833,6.0,9.0,9.466,36.299,2022,39,38,True,False
72,12.3,0.0,11.866,11.8,35.966,2022,92,26,True,False
73,12.833,0.0,11.9,11.066,35.799,2022,85,4,True,False
74,11.3,0.0,12.366,12.1,35.766,2022,236,18,True,False
75,12.3,0.0,11.1,11.866,35.266,2022,66,32,True,False
76,11.9,11.2,11.733,0.0,34.833,2022,253,46,True,False
77,11.933,0.0,11.5,11.0,34.433,2022,108,61,True,False
78,11.466,11.7,11.266,0.0,34.432,2022,116,62,True,False
79,11.633,0.0,11.0,11.7,34.333,2022,261,52,True,False
80,12.266,0.0,10.466,11.5,34.232,2022,296,34,True,False
81,11.733,0.0,10.2,11.3,33.233,2022,176,19,True,False
82,0.0,10.433,11.1,11.3,32.833,2022,202,26,True,False
83,0.0,12.833,7.633,12.333,32.799,2022,352,60,True,False
84,0.0,10.8,10.2,11.366,32.366,2022,332,58,True,False
85,11.6,10.133,9.466,0.0,31.199,2022,189,32,True,False
86,0.0,8.966,10.433,11.433,30.832,2022,144,34,True,False
87,0.0,10.266,10.166,9.133,29.565,2022,75,19,True,False
88,0.0,14.2,13.466,0.0,27.666,2022,149,35,True,False
89,13.466,13.9,0.0,0.0,27.366,2022,146,72,True,False
90,13.1,14.2,0.0,0.0,27.3,2022,111,72,True,False
91,0.0,0.0,12.9,13.533,26.433,2022,168,72,True,False
92,13.2,12.8,0.0,0.0,26.0,2022,330,45,True,False
93,0.0,0.0,13.166,12.766,25.932,2022,310,72,True,False
94,0.0,0.0,12.666,12.766,25.432,2022,27,16,True,False
95,0.0,12.6,12.7,0.0,25.3,2022,134,7,True,False
96,0.0,13.233,11.533,0.0,24.766,2022,59,61,True,False
97,13.3,0.0,11.133,0.0,24.433,2022,97,29,True,False
98,12.233,12.2,0.0,0.0,24.433,2022,44,60,True,False
99,0.0,0.0,10.966,12.566,23.532,2022,341,45,True,False
100,12.5,10.933,0.0,0.0,23.433,2022,32,34,True,False
101,11.633,11.633,0.0,0.0,23.266,2022,272,19,True,False
102,11.333,0.0,0.0,11.933,23.266,2022,258,33,True,False
103,11.333,11.433,0.0,0.0,22.766,2022,259,66,True,False
104,0.0,0.0,10.3,11.666,21.966,2022,102,66,True,False
105,0.0,10.1,11.333,0.0,21.433,2022,151,33,True,False
106,11.2,0.0,0.0,9.633,20.833,2022,107,38,True,False
107,0.0,8.266,0.0,10.9,19.166,2022,118,32,True,False
108,9.966,9.133,0.0,0.0,19.099,2022,93,26,True,False
109,0.0,8.2,9.0,0.0,17.2,2022,98,38,True,False
110,0.0,13.833,0.0,0.0,13.833,2022,233,24,True,False
111,13.133,0.0,0.0,0.0,13.133,2022,368,58,True,False
112,12.733,0.0,0.0,0.0,12.733,2022,364,16,True,False
113,0.0,12.7,0.0,0.0,12.7,2022,308,22,True,False
114,0.0,12.466,0.0,0.0,12.466,2022,403,29,True,False
115,0.0,12.1,0.0,0.0,12.1,2022,18,4,True,False
116,0.0,11.633,0.0,0.0,11.633,2022,135,52,True,False
117,0.0,0.0,0.0,11.3,11.3,2022,244,46,True,False
118,11.3,0.0,0.0,0.0,11.3,2022,359,58,True,False
119,0.0,11.133,0.0,0.0,11.133,2022,235,18,True,False
120,0.0,11.1,0.0,0.0,11.1,2022,3,61,True,False
121,0.0,10.333,0.0,0.0,10.333,2022,290,65,True,False
1,12.9,11.6,12.7,12.25,49.45,2022,239,9,True,False
2,12.75,11.75,11.95,12.65,49.1,2022,60,9,True,False
2,12.15,12.3,11.95,12.15,48.55,2022,360,9,True,False
3,12.65,11.2,12.6,11.9,48.35,2022,28,49,True,False
4,12.867,10.4,12.25,12.8,48.317,2022,0,1,True,False
5,12.6,12.05,11.2,12.25,48.1,2022,347,1,True,False
5,12.85,10.85,11.3,12.45,47.45,2022,274,1,True,False
5,13.1,11.2,10.7,12.45,47.45,2022,240,9,True,False
5,12.25,12.0,11.2,11.95,47.4,2022,133,1,True,False
6,13.05,10.7,11.05,12.0,46.8,2022,46,12,True,False
7,12.0,10.9,10.9,10.55,44.35,2022,263,49,True,False
8,12.3,9.45,9.4,12.1,43.25,2022,350,12,True,False
8,12.8,9.9,10.1,10.15,42.95,2022,307,12,True,False
9,12.9,9.15,10.95,9.9,42.9,2022,103,8,True,False
10,10.4,10.05,11.05,10.4,41.9,2022,197,67,True,False
11,11.3,9.5,8.5,12.1,41.4,2022,24,2,True,False
11,11.7,8.5,10.3,10.15,40.65,2022,355,12,True,False
12,10.65,8.85,8.9,9.3,37.7,2022,49,8,True,False
13,12.1,0.0,10.8,12.55,35.45,2022,316,9,True,False
14,11.9,0.0,10.45,11.1,33.45,2022,131,49,True,False
15,12.15,11.15,9.9,0.0,33.2,2022,383,49,True,False
16,11.8,9.3,0.0,10.8,31.9,2022,43,49,True,False
17,0.0,8.0,10.2,12.45,30.65,2022,58,12,True,False
18,0.0,10.05,10.0,10.3,30.35,2022,90,49,True,False
19,12.4,0.0,0.0,11.6,24.0,2022,238,1,True,False
20,0.0,9.7,11.5,0.0,21.2,2022,217,1,True,False
21,0.0,11.8,0.0,0.0,11.8,2022,74,9,True,False
1,15.266,14.4,14.566,14.633,58.865,2023,346,68,False,True
2,14.266,14.833,14.033,13.8,56.932,2023,343,68,False,True
3,14.6,13.766,14.0,14.4,56.766,2023,170,72,False,True
4,14.9,13.866,13.8,14.033,56.599,2023,317,9,False,True
5,13.966,14.133,13.566,13.4,55.065,2023,114,11,False,True
6,13.866,13.6,13.4,13.833,54.699,2023,136,9,False,True
7,13.766,13.666,13.666,13.6,54.698,2023,256,35,False,True
8,13.133,14.9,13.8,12.833,54.666,2023,314,13,False,True
9,13.1,14.1,14.066,13.366,54.632,2023,305,13,False,True
10,14.366,14.066,12.733,13.3,54.465,2023,282,24,False,True
11,14.166,13.666,13.366,13.2,54.398,2023,214,68,False,True
12,13.233,14.166,13.2,13.733,54.332,2023,285,45,False,True
13,13.0,14.733,13.266,12.7,53.699,2023,194,0,False,True
14,14.3,12.733,13.433,12.866,53.332,2023,304,72,False,True
15,14.0,13.533,12.133,13.633,53.299,2023,14,72,False,True
16,13.633,13.666,13.133,12.766,53.198,2023,145,3,False,True
17,14.0,13.033,12.533,13.4,52.966,2023,13,35,False,True
18,13.233,13.4,13.4,12.933,52.966,2023,110,35,False,True
19,13.5,13.366,12.866,13.2,52.932,2023,26,54,False,True
20,12.966,12.966,14.066,12.733,52.731,2023,310,72,False,True
21,13.3,13.633,12.766,13.0,52.699,2023,216,57,False,True
22,14.566,12.466,12.266,13.033,52.331,2023,12,42,False,True
23,13.433,12.733,12.866,13.2,52.232,2023,336,72,False,True
24,13.9,13.266,12.133,12.9,52.199,2023,130,45,False,True
25,14.0,12.166,12.7,13.333,52.199,2023,199,36,False,True
26,13.5,12.933,13.166,12.6,52.199,2023,155,36,False,True
27,13.166,13.333,12.633,12.833,51.965,2023,135,52,False,True
28,13.333,12.033,13.033,13.433,51.832,2023,280,24,False,True
29,13.833,12.766,12.4,12.833,51.832,2023,162,9,False,True
30,14.1,13.366,11.9,12.366,51.732,2023,279,36,False,True
31,13.366,12.7,13.4,12.0,51.466,2023,266,24,False,True
32,13.4,12.433,12.7,12.833,51.366,2023,11,50,False,True
33,13.633,12.733,12.866,12.133,51.365,2023,225,29,False,True
34,13.033,13.866,12.166,12.2,51.265,2023,403,29,False,True
35,11.9,13.833,12.6,12.733,51.066,2023,324,3,False,True
36,13.633,12.666,11.566,13.1,50.965,2023,10,22,False,True
37,13.233,13.133,11.933,12.6,50.899,2023,56,11,False,True
38,12.833,13.133,12.9,11.8,50.666,2023,38,66,False,True
39,13.166,12.266,12.7,12.5,50.632,2023,218,60,False,True
40,13.5,12.8,11.8,12.5,50.6,2023,344,57,False,True
41,14.1,11.733,11.8,12.966,50.599,2023,158,48,False,True
42,13.6,13.066,10.866,13.066,50.598,2023,375,45,False,True
43,13.7,12.766,11.866,11.966,50.298,2023,187,48,False,True
44,13.133,12.933,11.966,12.266,50.298,2023,185,72,False,True
45,13.066,12.9,11.233,13.066,50.265,2023,210,22,False,True
46,13.066,12.9,11.7,12.433,50.099,2023,72,55,False,True
47,13.133,11.533,12.633,12.733,50.032,2023,351,72,False,True
48,13.033,12.4,12.033,12.533,49.999,2023,224,34,False,True
49,13.233,12.566,12.2,11.966,49.965,2023,237,58,False,True
50,12.966,12.733,11.966,12.3,49.965,2023,31,54,False,True
51,13.3,11.766,12.466,12.4,49.932,2023,150,29,False,True
52,13.166,12.033,12.3,12.433,49.932,2023,319,30,False,True
53,12.966,11.833,12.7,12.333,49.832,2023,127,7,False,True
54,13.166,12.0,12.1,12.566,49.832,2023,169,62,False,True
55,13.4,12.866,10.933,12.6,49.799,2023,369,62,False,True
56,13.166,12.6,11.566,12.466,49.798,2023,338,4,False,True
57,13.333,12.6,11.333,12.466,49.732,2023,182,23,False,True
58,13.5,12.866,10.966,12.333,49.665,2023,286,42,False,True
59,12.9,12.033,12.466,12.266,49.665,2023,154,32,False,True
60,12.933,12.633,11.7,12.333,49.599,2023,116,62,False,True
61,11.8,12.866,12.066,12.733,49.465,2023,257,7,False,True
62,12.766,12.566,11.866,12.266,49.464,2023,207,22,False,True
63,13.4,12.266,12.3,11.466,49.432,2023,204,50,False,True
64,12.833,11.833,12.2,12.466,49.332,2023,83,40,False,True
65,13.0,12.5,11.2,12.5,49.2,2023,73,55,False,True
66,12.3,12.166,12.133,12.5,49.099,2023,361,33,False,True
67,12.666,11.5,12.7,12.033,48.899,2023,223,72,False,True
68,12.966,12.0,11.5,12.333,48.799,2023,44,60,False,True
69,12.7,12.2,11.733,12.1,48.733,2023,64,4,False,True
70,13.1,11.666,12.633,11.333,48.732,2023,274,1,False,True
71,12.933,11.133,12.8,11.833,48.699,2023,206,72,False,True
72,13.1,12.166,11.0,12.4,48.666,2023,61,72,False,True
73,11.533,12.6,11.866,12.6,48.599,2023,104,69,False,True
74,13.2,11.666,11.633,12.033,48.532,2023,15,72,False,True
75,13.2,11.666,11.933,11.7,48.499,2023,301,6,False,True
76,13.1,11.666,11.166,12.4,48.332,2023,219,4,False,True
77,12.466,11.766,12.266,11.766,48.264,2023,262,46,False,True
78,12.1,11.9,12.066,12.1,48.166,2023,123,32,False,True
79,13.133,12.166,11.1,11.733,48.132,2023,288,55,False,True
80,11.733,11.933,12.1,12.266,48.032,2023,59,61,False,True
81,13.0,10.9,12.233,11.733,47.866,2023,391,58,False,True
82,13.5,11.1,11.166,12.0,47.766,2023,242,27,False,True
83,13.1,10.433,12.3,11.866,47.699,2023,105,72,False,True
84,12.666,11.533,12.0,11.433,47.632,2023,366,72,False,True
85,12.9,11.666,11.3,11.733,47.599,2023,292,1,False,True
86,12.7,11.666,11.233,11.8,47.399,2023,340,72,False,True
87,13.366,11.833,11.2,10.966,47.365,2023,76,19,False,True
88,13.133,10.066,11.9,12.1,47.199,2023,55,26,False,True
89,12.833,11.6,11.033,11.6,47.066,2023,209,48,False,True
90,12.9,10.733,11.833,11.566,47.032,2023,328,21,False,True
91,12.333,11.6,11.8,11.166,46.899,2023,260,46,False,True
92,12.0,10.733,12.133,11.833,46.699,2023,125,56,False,True
93,12.7,10.833,11.466,11.533,46.532,2023,243,47,False,True
94,13.1,10.7,11.3,11.4,46.5,2023,47,6,False,True
95,12.9,10.733,11.066,11.733,46.432,2023,387,14,False,True
96,12.7,11.766,10.3,11.633,46.399,2023,9,20,False,True
97,12.966,10.433,10.666,12.133,46.198,2023,302,23,False,True
98,12.966,11.533,10.8,10.733,46.032,2023,148,14,False,True
99,12.166,11.1,10.866,11.833,45.965,2023,258,33,False,True
100,12.966,11.466,10.3,11.0,45.732,2023,283,56,False,True
101,13.0,9.933,11.0,11.766,45.699,2023,238,1,False,True
102,11.433,10.8,12.366,11.066,45.665,2023,318,47,False,True
103,12.166,10.866,10.9,11.6,45.532,2023,183,51,False,True
104,12.033,10.033,11.4,11.8,45.266,2023,374,38,False,True
105,13.0,8.0,12.266,11.966,45.232,2023,1,23,False,True
106,11.8,9.666,11.833,11.933,45.232,2023,246,52,False,True
107,12.2,11.5,10.933,10.533,45.166,2023,28,49,False,True
108,12.533,10.5,11.733,10.1,44.866,2023,8,37,False,True
109,12.933,9.133,10.966,11.766,44.798,2023,277,59,False,True
110,12.766,11.433,9.266,11.0,44.465,2023,161,66,False,True
111,12.866,9.366,10.933,11.2,44.365,2023,251,12,False,True
112,12.4,8.233,10.666,11.4,42.699,2023,164,21,False,True
113,12.266,10.266,10.166,9.833,42.531,2023,205,0,False,True
114,11.733,9.1,10.933,10.2,41.966,2023,229,72,False,True
115,12.433,9.466,9.466,10.566,41.931,2023,30,38,False,True
116,12.933,0.0,14.5,13.766,41.199,2023,400,13,False,True
117,14.733,0.0,13.066,12.7,40.499,2023,386,57,False,True
118,13.3,14.2,0.0,12.333,39.833,2023,330,45,False,True
119,13.633,13.033,0.0,12.733,39.399,2023,226,54,False,True
120,13.1,0.0,13.6,12.633,39.333,2023,67,3,False,True
121,12.866,0.0,13.2,13.2,39.266,2023,177,9,False,True
122,13.933,13.366,0.0,11.866,39.165,2023,7,42,False,True
123,13.466,12.8,0.0,12.733,38.999,2023,57,11,False,True
124,13.266,13.133,0.0,12.533,38.932,2023,215,57,False,True
125,13.266,11.066,14.1,0.0,38.432,2023,395,13,False,True
126,13.066,0.0,12.3,12.866,38.232,2023,81,42,False,True
127,0.0,12.933,12.966,12.333,38.232,2023,29,22,False,True
128,13.466,12.033,0.0,12.633,38.132,2023,140,36,False,True
129,12.166,12.8,0.0,12.766,37.732,2023,119,3,False,True
130,13.033,0.0,11.766,12.5,37.299,2023,181,7,False,True
131,13.1,11.466,0.0,12.166,36.732,2023,143,55,False,True
132,12.3,0.0,11.933,12.3,36.533,2023,109,62,False,True
133,0.0,13.033,10.533,12.6,36.166,2023,134,7,False,True
134,13.1,0.0,9.7,12.666,35.466,2023,82,11,False,True
135,12.9,0.0,11.133,11.233,35.266,2023,289,5,False,True
136,12.766,0.0,11.3,10.5,34.566,2023,4,23,False,True
137,14.466,0.0,0.0,13.633,28.099,2023,175,68,False,True
138,0.0,0.0,13.666,13.666,27.332,2023,325,54,False,True
139,0.0,14.033,13.266,0.0,27.299,2023,146,72,False,True
140,13.833,0.0,0.0,13.266,27.099,2023,50,35,False,True
141,0.0,14.133,12.4,0.0,26.533,2023,233,24,False,True
142,13.066,13.466,0.0,0.0,26.532,2023,271,72,False,True
143,14.4,0.0,0.0,11.9,26.3,2023,96,24,False,True
144,13.066,0.0,0.0,13.166,26.232,2023,323,72,False,True
145,0.0,14.133,11.866,0.0,25.999,2023,348,68,False,True
146,0.0,13.9,12.066,0.0,25.966,2023,188,3,False,True
147,0.0,12.666,13.2,0.0,25.866,2023,35,35,False,True
148,12.7,0.0,0.0,12.766,25.466,2023,85,4,False,True
149,13.133,12.266,0.0,0.0,25.399,2023,245,7,False,True
150,0.0,0.0,12.566,12.7,25.266,2023,213,72,False,True
151,13.8,11.3,0.0,0.0,25.1,2023,97,29,False,True
152,0.0,12.6,12.433,0.0,25.033,2023,20,54,False,True
153,12.766,0.0,0.0,12.166,24.932,2023,99,37,False,True
154,0.0,13.133,11.733,0.0,24.866,2023,126,57,False,True
155,0.0,12.9,11.966,0.0,24.866,2023,385,66,False,True
156,0.0,0.0,12.4,12.066,24.466,2023,294,29,False,True
157,0.0,12.166,12.2,0.0,24.366,2023,322,11,False,True
158,0.0,12.5,0.0,11.433,23.933,2023,68,1,False,True
159,12.4,0.0,11.5,0.0,23.9,2023,217,1,False,True
160,12.5,11.233,0.0,0.0,23.733,2023,200,72,False,True
161,12.4,11.1,0.0,0.0,23.5,2023,137,12,False,True
162,11.333,12.166,0.0,0.0,23.499,2023,179,46,False,True
163,0.0,11.733,11.4,0.0,23.133,2023,78,4,False,True
164,0.0,0.0,11.2,11.6,22.8,2023,236,72,False,True
165,0.0,11.633,11.133,0.0,22.766,2023,309,42,False,True
166,0.0,0.0,10.666,11.766,22.432,2023,264,52,False,True
167,0.0,0.0,10.533,10.933,21.466,2023,265,46,False,True
168,0.0,14.533,0.0,0.0,14.533,2023,160,13,False,True
169,0.0,0.0,14.0,0.0,14.0,2023,52,36,False,True
170,0.0,0.0,13.733,0.0,13.733,2023,331,45,False,True
171,12.8,0.0,0.0,0.0,12.8,2023,333,22,False,True
172,12.666,0.0,0.0,0.0,12.666,2023,65,72,False,True
173,12.666,0.0,0.0,0.0,12.666,2023,192,38,False,True
174,12.6,0.0,0.0,0.0,12.6,2023,152,69,False,True
175,0.0,12.6,0.0,0.0,12.6,2023,247,26,False,True
176,12.4,0.0,0.0,0.0,12.4,2023,25,37,False,True
177,0.0,0.0,12.4,0.0,12.4,2023,365,16,False,True
178,0.0,12.033,0.0,0.0,12.033,2023,234,9,False,True
179,0.0,12.033,0.0,0.0,12.033,2023,19,62,False,True
180,0.0,0.0,11.966,0.0,11.966,2023,268,51,False,True
181,0.0,0.0,11.8,0.0,11.8,2023,34,28,False,True
182,0.0,11.533,0.0,0.0,11.533,2023,166,21,False,True
183,0.0,11.5,0.0,0.0,11.5,2023,254,23,False,True
184,0.0,0.0,0.0,11.166,11.166,2023,115,26,False,True
185,0.0,0.0,11.133,0.0,11.133,2023,342,55,False,True
186,0.0,10.933,0.0,0.0,10.933,2023,392,41,False,True
187,0.0,0.0,0.0,10.8,10.8,2023,327,5,False,True
188,0.0,10.533,0.0,0.0,10.533,2023,22,30,False,True
189,0.0,10.466,0.0,0.0,10.466,2023,101,72,False,True
190,0.0,0.0,0.0,9.733,9.733,2023,370,71,False,True
1,15.1,14.333,14.433,14.533,58.399,2023,346,68,True,False
2,14.7,14.5,13.5,14.066,56.766,2023,317,9,True,False
3,14.233,14.633,14.066,13.4,56.332,2023,343,68,True,False
4,13.2,14.7,13.733,13.166,54.799,2023,314,13,True,False
5,13.933,14.666,13.166,12.5,54.265,2023,13,35,True,False
6,13.833,13.433,13.566,13.266,54.098,2023,130,45,True,False
7,13.766,13.6,13.433,13.233,54.032,2023,14,72,True,False
8,12.766,15.2,13.3,12.7,53.966,2023,194,0,True,False
9,13.766,14.166,12.866,13.1,53.898,2023,256,35,True,False
10,14.066,12.5,13.466,13.833,53.865,2023,282,24,True,False
11,13.8,12.966,13.533,12.9,53.199,2023,199,36,True,False
12,13.133,14.266,12.2,13.533,53.132,2023,285,45,True,False
13,14.133,12.533,13.6,12.7,52.966,2023,304,72,True,False
14,13.2,13.1,13.366,13.133,52.799,2023,280,24,True,False
15,13.833,12.633,14.033,12.2,52.699,2023,136,9,True,False
16,14.0,12.133,12.933,12.9,51.966,2023,114,11,True,False
17,12.966,13.166,13.133,12.6,51.865,2023,155,36,True,False
18,13.966,12.966,12.6,12.233,51.765,2023,12,42,True,False
19,12.733,13.766,12.333,12.9,51.732,2023,216,57,True,False
20,13.6,13.5,12.266,12.333,51.699,2023,145,3,True,False
21,12.866,13.433,12.566,12.733,51.598,2023,135,52,True,False
22,13.4,10.9,13.166,13.333,50.799,2023,336,72,True,False
23,13.366,11.666,13.533,11.6,50.165,2023,26,54,True,False
24,12.733,12.933,13.566,10.7,49.932,2023,310,72,True,False
1,13.45,13.5,13.1,13.15,53.2,2023,221,72,True,False
2,13.6,12.6,13.2,13.35,52.75,2023,53,72,True,False
3,13.25,13.45,12.7,13.2,52.6,2023,297,72,True,False
4,13.65,13.9,12.55,12.4,52.5,2023,402,72,True,False
5,13.65,13.4,12.2,13.0,52.25,2023,113,72,True,False
6,14.0,10.85,13.3,13.55,51.7,2023,175,72,True,False
7,13.05,12.9,12.95,12.5,51.4,2023,174,72,True,False
8,13.55,13.75,12.05,11.75,51.1,2023,86,72,True,False
9,13.5,12.95,11.0,13.6,51.05,2023,184,72,True,False
10,13.9,12.95,10.8,13.1,50.75,2023,2,72,True,False
10,13.6,12.55,11.9,12.7,50.75,2023,191,72,True,False
12,13.4,13.35,11.95,11.85,50.55,2023,106,72,True,False
13,12.9,12.85,12.1,12.55,50.4,2023,16,72,True,False
14,13.85,11.3,11.8,13.2,50.15,2023,23,72,True,False
15,13.1,11.4,11.95,12.9,49.35,2023,129,72,True,False
16,13.05,11.5,11.65,12.85,49.05,2023,273,72,True,False
17,13.5,12.2,10.5,12.7,48.9,2023,190,72,True,False
18,14.1,13.1,9.2,11.85,48.25,2023,71,72,True,False
19,13.5,11.65,10.85,12.0,48.0,2023,220,72,True,False
20,12.75,12.05,10.6,12.3,47.7,2023,91,72,True,False
21,13.35,10.85,11.6,11.35,47.15,2023,267,72,True,False
22,12.8,11.5,11.55,10.95,46.8,2023,196,72,True,False
23,12.9,11.6,9.8,12.05,46.35,2023,69,72,True,False
24,13.2,11.85,9.65,11.5,46.2,2023,21,72,True,False
25,13.0,11.4,11.25,10.45,46.1,2023,252,72,True,False
26,13.0,9.4,12.2,11.45,46.05,2023,41,72,True,False
27,12.9,12.0,9.4,11.4,45.7,2023,89,72,True,False
28,11.9,11.2,10.4,11.45,44.95,2023,298,72,True,False
29,12.95,0.0,11.3,12.1,36.35,2023,142,72,True,False
30,12.95,13.65,0.0,0.0,26.6,2023,281,72,True,False
31,0.0,13.15,13.4,0.0,26.5,2023,348,72,True,False
32,0.0,12.9,12.6,0.0,25.5,2023,363,72,True,False
33,0.0,9.35,0.0,0.0,9.35,2023,141,72,True,False
